Ticket_ID,Created_Date,Created_Time,Resolved_Date,Priority,Category,Subcategory,Department,Assigned_Agent,Status,Channel,Location,Response_Time_Minutes,Resolution_Time_Hours,SLA_Status,Customer_Satisfaction
HD-00001,2025-09-06,07:53,2025-09-07,Low,Security,MFA,Marketing,Neha Verma,Closed,Portal,Delhi,65,17.38,Within SLA,5.0
HD-00002,2025-01-11,07:19,,Medium,Security,Access Review,Customer Support,Neha Verma,In Progress,Chat,Pune,53,,Within SLA,
HD-00003,2025-02-07,13:27,,Medium,Network,Remote Access,IT,Amit Sharma,Pending,Chat,Delhi,38,,Within SLA,
HD-00004,2025-12-01,15:41,,Medium,Software,Application Error,Finance,Neha Verma,Open,Phone,Delhi,65,,Within SLA,
HD-00005,2025-03-05,04:02,2025-03-05,Medium,Software,License,HR,Rahul Singh,Resolved,Portal,Bengaluru,51,11.93,Within SLA,4.0
HD-00006,2025-01-22,17:22,,Low,Hardware,Printer,Customer Support,Arjun Mehta,Pending,Email,Hyderabad,73,,Within SLA,
HD-00007,2025-12-10,13:50,2025-12-10,High,Access,Account Lockout,IT,Rahul Singh,Closed,Portal,Pune,29,8.02,Breached,1.0
HD-00008,2025-12-01,10:03,2025-12-02,Low,Security,Antivirus,Customer Support,Priya Patel,Closed,Chat,Kolkata,66,27.63,Within SLA,5.0
HD-00009,2025-09-22,04:42,2025-09-22,High,Security,Access Review,IT,Sneha Rao,Resolved,Email,Pune,18,13.95,Breached,3.0
HD-00010,2025-10-23,22:00,2025-10-24,Low,Hardware,Printer,Marketing,Rahul Singh,Closed,Phone,Bengaluru,88,18.58,Within SLA,5.0
HD-00011,2025-12-07,23:38,2025-12-08,Medium,Hardware,Laptop,Management,Priya Patel,Closed,Portal,Bengaluru,46,21.28,Within SLA,3.0
HD-00012,2025-10-04,21:09,2025-10-05,Medium,Security,MFA,Management,Ananya Das,Resolved,Email,Hyderabad,36,13.05,Within SLA,4.0
HD-00013,2025-01-28,13:42,2025-01-29,High,Hardware,Desktop,HR,Amit Sharma,Resolved,Phone,Delhi,24,11.27,Breached,3.0
HD-00014,2025-08-12,18:40,2025-08-13,Medium,Access,Email Access,Marketing,Priya Patel,Resolved,Email,Kolkata,33,15.35,Within SLA,4.0
HD-00015,2025-10-10,19:26,2025-10-11,Medium,Hardware,Desktop,Marketing,Neha Verma,Resolved,Chat,Bengaluru,38,20.52,Within SLA,3.0
HD-00016,2025-12-01,12:21,2025-12-02,High,Hardware,Laptop,Finance,Priya Patel,Resolved,Portal,Bengaluru,30,13.7,Breached,1.0
HD-00017,2025-06-01,14:59,2025-06-02,Medium,Access,Permission,Customer Support,Ananya Das,Resolved,Portal,Hyderabad,49,11.37,Within SLA,4.0
HD-00018,2025-07-15,06:54,2025-07-15,High,Email,Mailbox,Finance,Priya Patel,Closed,Portal,Delhi,39,8.23,Breached,3.0
HD-00019,2025-02-01,20:08,2025-02-02,Medium,Email,Distribution List,Operations,Arjun Mehta,Resolved,Portal,Chennai,38,13.25,Within SLA,4.0
HD-00020,2025-10-19,23:53,2025-10-20,Critical,Hardware,Monitor,HR,Priya Patel,Resolved,Portal,Pune,23,6.02,Breached,2.0
HD-00021,2025-11-20,19:03,2025-11-21,Medium,Network,Remote Access,Finance,Arjun Mehta,Resolved,Email,Bengaluru,35,12.75,Within SLA,4.0
HD-00022,2025-09-24,23:56,2025-09-25,Medium,Network,Remote Access,Management,Arjun Mehta,Closed,Email,Delhi,40,13.6,Within SLA,4.0
HD-00023,2025-08-06,20:01,2025-08-07,Low,Hardware,Desktop,Finance,Sneha Rao,Resolved,Portal,Kolkata,83,18.3,Within SLA,5.0
HD-00024,2025-10-30,23:12,,Medium,Access,System Access,Sales,Neha Verma,Open,Portal,Bengaluru,58,,Within SLA,
HD-00025,2025-12-05,17:11,,Low,Access,Account Lockout,Marketing,Ananya Das,In Progress,Phone,Pune,82,,Within SLA,
HD-00026,2025-04-19,04:46,,High,Network,Internet,Customer Support,Sneha Rao,Open,Email,Delhi,23,,At Risk,
HD-00027,2025-11-02,10:02,2025-11-03,Medium,Email,Distribution List,HR,Vikram Shah,Resolved,Portal,Pune,41,23.42,Within SLA,3.0
HD-00028,2025-10-16,03:28,2025-10-16,High,Software,License,Customer Support,Priya Patel,Closed,Phone,Chennai,33,8.37,Breached,3.0
HD-00029,2025-02-19,10:24,2025-02-20,Low,Security,Security Alert,Sales,Arjun Mehta,Resolved,Chat,Mumbai,49,20.37,Within SLA,5.0
HD-00030,2025-06-21,13:44,2025-06-22,Medium,Software,Update,Management,Rahul Singh,Resolved,Email,Pune,50,28.77,Breached,3.0
HD-00031,2025-05-01,13:19,2025-05-02,Low,Software,Installation,Finance,Amit Sharma,Closed,Portal,Remote,83,27.43,Within SLA,5.0
HD-00032,2025-10-06,23:28,,Medium,Access,Email Access,Marketing,Rahul Singh,In Progress,Email,Delhi,26,,Within SLA,
HD-00033,2025-08-05,11:23,2025-08-06,Low,Hardware,Monitor,Sales,Ananya Das,Closed,Phone,Remote,81,25.18,Within SLA,5.0
HD-00034,2025-12-15,10:35,2025-12-16,Low,Access,Email Access,IT,Neha Verma,Closed,Phone,Remote,61,18.23,Within SLA,5.0
HD-00035,2025-05-05,03:54,2025-05-05,High,Hardware,Desktop,Sales,Neha Verma,Closed,Chat,Bengaluru,21,10.88,Breached,1.0
HD-00036,2025-11-20,11:06,2025-11-21,Medium,Email,Email Delivery,Customer Support,Ananya Das,Resolved,Email,Chennai,29,20.13,Within SLA,3.0
HD-00037,2025-10-13,07:17,2025-10-14,Medium,Email,Mailbox,Management,Neha Verma,Resolved,Phone,Kolkata,37,25.03,Breached,2.0
HD-00038,2025-12-24,02:44,2025-12-24,Low,Email,Distribution List,Finance,Vikram Shah,Closed,Email,Delhi,55,17.0,Within SLA,5.0
HD-00039,2025-03-24,04:49,2025-03-24,Medium,Network,LAN,IT,Vikram Shah,Resolved,Phone,Delhi,52,18.62,Within SLA,4.0
HD-00040,2025-01-27,15:34,2025-01-28,High,Security,Phishing,Finance,Neha Verma,Closed,Portal,Mumbai,24,10.27,Breached,2.0
HD-00041,2025-03-07,03:54,,Medium,Security,Phishing,Sales,Arjun Mehta,Pending,Email,Mumbai,78,,Within SLA,
HD-00042,2025-11-19,13:29,2025-11-20,Medium,Hardware,Printer,HR,Amit Sharma,Closed,Phone,Kolkata,31,14.42,Within SLA,4.0
HD-00043,2025-05-21,15:50,2025-05-22,Medium,Access,Account Lockout,Customer Support,Rahul Singh,Resolved,Phone,Remote,76,13.45,Within SLA,4.0
HD-00044,2025-12-29,23:18,2025-12-30,Low,Access,Account Lockout,Management,Vikram Shah,Resolved,Phone,Mumbai,60,18.62,Within SLA,5.0
HD-00045,2025-04-19,14:36,2025-04-20,High,Security,MFA,Finance,Neha Verma,Closed,Email,Hyderabad,32,14.2,Breached,2.0
HD-00046,2025-06-24,01:17,2025-06-24,High,Hardware,Printer,Marketing,Vikram Shah,Closed,Portal,Pune,27,10.9,Breached,2.0
HD-00047,2025-04-16,05:07,2025-04-16,Medium,Software,Application Error,Marketing,Sneha Rao,Resolved,Email,Bengaluru,54,16.83,Within SLA,4.0
HD-00048,2025-08-20,18:29,2025-08-21,Medium,Hardware,Desktop,IT,Neha Verma,Resolved,Phone,Bengaluru,51,18.38,Within SLA,4.0
HD-00049,2025-02-09,20:11,2025-02-10,High,Email,Spam,Management,Ananya Das,Resolved,Chat,Chennai,30,9.98,Breached,3.0
HD-00050,2025-09-24,14:11,2025-09-25,Low,Software,Update,IT,Priya Patel,Closed,Portal,Delhi,62,23.12,Within SLA,5.0
HD-00051,2025-05-28,17:22,,Medium,Access,Permission,Customer Support,Arjun Mehta,Pending,Email,Delhi,37,,Within SLA,
HD-00052,2025-03-09,12:03,2025-03-10,Medium,Software,Application Error,Customer Support,Ananya Das,Resolved,Chat,Pune,38,13.0,Within SLA,4.0
HD-00053,2025-11-04,06:57,,Medium,Security,Antivirus,Customer Support,Priya Patel,Open,Portal,Bengaluru,35,,Within SLA,
HD-00054,2025-04-23,02:02,2025-04-23,Medium,Access,Permission,Customer Support,Arjun Mehta,Resolved,Chat,Remote,31,13.45,Within SLA,4.0
HD-00055,2025-02-05,11:13,2025-02-06,Low,Security,Access Review,Finance,Arjun Mehta,Resolved,Email,Bengaluru,211,16.9,Within SLA,5.0
HD-00056,2025-09-04,12:37,2025-09-05,High,Hardware,Monitor,Operations,Vikram Shah,Closed,Phone,Chennai,51,12.1,Breached,2.0
HD-00057,2025-11-12,22:59,2025-11-13,High,Hardware,Monitor,HR,Sneha Rao,Resolved,Phone,Chennai,58,7.6,Within SLA,3.0
HD-00058,2025-08-30,19:22,,High,Security,Security Alert,Finance,Neha Verma,Pending,Phone,Bengaluru,28,,At Risk,
HD-00059,2025-03-03,12:11,2025-03-04,Medium,Hardware,Keyboard/Mouse,Customer Support,Priya Patel,Resolved,Portal,Delhi,44,14.57,Within SLA,4.0
HD-00060,2025-11-21,04:11,,Medium,Access,Account Lockout,Management,Rahul Singh,Pending,Chat,Hyderabad,46,,Within SLA,
HD-00061,2025-11-03,19:23,,High,Network,Remote Access,IT,Amit Sharma,In Progress,Phone,Pune,40,,At Risk,
HD-00062,2025-07-08,02:23,,Medium,Email,Distribution List,Customer Support,Ananya Das,Pending,Phone,Hyderabad,36,,Within SLA,
HD-00063,2025-05-04,13:37,2025-05-04,High,Security,Security Alert,Customer Support,Rahul Singh,Resolved,Chat,Mumbai,59,8.23,Breached,2.0
HD-00064,2025-09-10,08:54,2025-09-11,Low,Network,Remote Access,Customer Support,Sneha Rao,Closed,Chat,Mumbai,53,18.3,Within SLA,5.0
HD-00065,2025-02-05,02:23,2025-02-05,Medium,Hardware,Laptop,Management,Rahul Singh,Resolved,Phone,Mumbai,57,13.82,Within SLA,4.0
HD-00066,2025-07-26,06:49,2025-07-26,Medium,Security,Antivirus,Sales,Rahul Singh,Closed,Email,Kolkata,33,13.12,Within SLA,4.0
HD-00067,2025-01-04,15:35,,High,Access,Permission,Sales,Priya Patel,Pending,Chat,Chennai,44,,At Risk,
HD-00068,2025-04-25,21:43,,Critical,Network,Wi-Fi,Customer Support,Arjun Mehta,Pending,Email,Mumbai,118,,Within SLA,
HD-00069,2025-03-27,01:16,,Medium,Email,Spam,Sales,Priya Patel,In Progress,Email,Pune,32,,Within SLA,
HD-00070,2025-03-19,23:32,,Low,Email,Spam,IT,Rahul Singh,Pending,Phone,Remote,48,,Within SLA,
HD-00071,2025-01-30,05:50,2025-01-31,Low,Software,Operating System,Operations,Priya Patel,Resolved,Chat,Mumbai,56,21.55,Within SLA,5.0
HD-00072,2025-05-28,23:24,,High,Network,Wi-Fi,Marketing,Ananya Das,Pending,Email,Chennai,27,,At Risk,
HD-00073,2025-02-24,06:48,,Low,Hardware,Printer,Management,Priya Patel,Open,Email,Hyderabad,55,,Within SLA,
HD-00074,2025-07-29,18:57,,Medium,Security,Antivirus,Customer Support,Priya Patel,Pending,Chat,Kolkata,32,,Within SLA,
HD-00075,2025-04-02,16:43,2025-04-03,High,Hardware,Printer,Operations,Amit Sharma,Resolved,Chat,Pune,30,12.67,Breached,1.0
HD-00076,2025-01-20,15:25,,High,Software,Installation,Marketing,Priya Patel,In Progress,Portal,Hyderabad,17,,At Risk,
HD-00077,2025-04-18,16:23,2025-04-19,High,Software,Installation,IT,Rahul Singh,Resolved,Email,Mumbai,21,10.98,Breached,2.0
HD-00078,2025-01-21,08:23,,Low,Access,System Access,HR,Priya Patel,In Progress,Chat,Remote,67,,Within SLA,
HD-00079,2025-01-17,20:11,,High,Security,Access Review,IT,Ananya Das,Pending,Email,Mumbai,54,,At Risk,
HD-00080,2025-05-06,02:17,2025-05-07,Medium,Hardware,Desktop,IT,Sneha Rao,Resolved,Chat,Pune,47,30.77,Breached,3.0
HD-00081,2025-12-07,20:48,2025-12-08,High,Security,Antivirus,Customer Support,Ananya Das,Resolved,Portal,Kolkata,31,8.05,Breached,3.0
HD-00082,2025-04-09,23:44,2025-04-11,Medium,Software,Operating System,HR,Priya Patel,Resolved,Email,Delhi,56,24.4,Breached,3.0
HD-00083,2025-02-17,11:16,2025-02-18,Medium,Security,Security Alert,Finance,Arjun Mehta,Resolved,Phone,Chennai,44,13.95,Within SLA,4.0
HD-00084,2025-05-16,23:17,2025-05-17,High,Network,Wi-Fi,IT,Neha Verma,Closed,Chat,Mumbai,50,8.18,Breached,2.0
HD-00085,2025-12-24,21:21,2025-12-25,Medium,Hardware,Desktop,Sales,Vikram Shah,Closed,Email,Bengaluru,45,14.23,Within SLA,4.0
HD-00086,2025-05-02,00:40,2025-05-02,High,Email,Distribution List,HR,Amit Sharma,Closed,Portal,Bengaluru,31,11.52,Breached,1.0
HD-00087,2025-10-21,04:34,2025-10-21,Medium,Network,LAN,HR,Arjun Mehta,Resolved,Chat,Pune,39,13.1,Within SLA,4.0
HD-00088,2025-04-10,05:36,2025-04-10,Medium,Hardware,Laptop,Management,Vikram Shah,Resolved,Portal,Bengaluru,57,15.48,Within SLA,4.0
HD-00089,2025-10-03,13:00,,Medium,Network,Wi-Fi,Customer Support,Amit Sharma,In Progress,Phone,Bengaluru,71,,Within SLA,
HD-00090,2025-08-17,16:40,,Medium,Hardware,Monitor,IT,Sneha Rao,In Progress,Portal,Chennai,28,,Within SLA,
HD-00091,2025-10-29,10:58,2025-10-30,Medium,Security,Antivirus,Marketing,Priya Patel,Resolved,Portal,Pune,58,15.55,Within SLA,4.0
HD-00092,2025-10-28,03:27,2025-10-28,Medium,Access,System Access,Management,Sneha Rao,Resolved,Phone,Bengaluru,42,20.12,Within SLA,3.0
HD-00093,2025-05-17,16:20,,Medium,Network,LAN,Management,Amit Sharma,In Progress,Email,Chennai,84,,Within SLA,
HD-00094,2025-08-04,06:36,2025-08-04,Critical,Security,Phishing,Management,Neha Verma,Resolved,Phone,Remote,61,8.33,Breached,3.0
HD-00095,2025-06-20,00:12,2025-06-20,Critical,Email,Distribution List,Sales,Sneha Rao,Resolved,Phone,Pune,62,6.42,Breached,3.0
HD-00096,2025-09-21,10:57,,Medium,Network,Remote Access,Sales,Sneha Rao,Pending,Email,Bengaluru,34,,Within SLA,
HD-00097,2025-10-03,06:48,2025-10-03,Critical,Network,Remote Access,Customer Support,Sneha Rao,Closed,Portal,Delhi,24,6.73,Breached,1.0
HD-00098,2025-05-13,17:10,2025-05-14,Critical,Access,Account Lockout,Marketing,Rahul Singh,Resolved,Portal,Delhi,47,8.33,Breached,3.0
HD-00099,2025-01-15,15:49,,Medium,Email,Mailbox,Customer Support,Rahul Singh,In Progress,Portal,Bengaluru,130,,Within SLA,
HD-00100,2025-06-09,13:28,2025-06-10,Medium,Security,Antivirus,Management,Arjun Mehta,Closed,Chat,Hyderabad,29,13.65,Within SLA,4.0
HD-00101,2025-05-23,20:31,,Medium,Email,Outlook,Management,Arjun Mehta,Pending,Chat,Kolkata,35,,At Risk,
HD-00102,2025-08-04,08:41,2025-08-04,Critical,Security,Access Review,HR,Arjun Mehta,Resolved,Email,Bengaluru,11,5.55,Breached,2.0
HD-00103,2025-12-28,08:37,2025-12-29,Low,Hardware,Monitor,Operations,Neha Verma,Resolved,Chat,Delhi,110,21.57,Within SLA,5.0
HD-00104,2025-04-22,09:54,2025-04-23,High,Access,Account Lockout,Management,Ananya Das,Resolved,Email,Delhi,26,21.8,Breached,2.0
HD-00105,2025-02-13,04:20,2025-02-13,High,Software,License,HR,Amit Sharma,Closed,Portal,Kolkata,36,15.53,Breached,3.0
HD-00106,2025-01-07,09:11,2025-01-08,Medium,Email,Mailbox,Sales,Arjun Mehta,Closed,Chat,Mumbai,36,15.5,Within SLA,4.0
HD-00107,2025-05-21,01:04,2025-05-22,Low,Email,Distribution List,Finance,Vikram Shah,Closed,Chat,Mumbai,56,23.42,Within SLA,5.0
HD-00108,2025-10-13,12:26,,High,Software,Application Error,Operations,Sneha Rao,Pending,Portal,Remote,32,,Within SLA,
HD-00109,2025-06-27,17:52,2025-06-28,Low,Software,Application Error,Marketing,Amit Sharma,Resolved,Phone,Pune,52,17.63,Within SLA,5.0
HD-00110,2025-10-31,05:58,,Low,Security,MFA,IT,Priya Patel,Open,Phone,Kolkata,67,,Within SLA,
HD-00111,2025-11-08,03:14,2025-11-08,Low,Access,Password Reset,Customer Support,Rahul Singh,Resolved,Phone,Chennai,61,18.63,Within SLA,5.0
HD-00112,2025-03-06,17:14,2025-03-07,Medium,Network,LAN,Finance,Sneha Rao,Closed,Chat,Pune,53,14.77,Within SLA,4.0
HD-00113,2025-03-04,03:11,2025-03-04,Critical,Software,Update,Management,Amit Sharma,Resolved,Portal,Delhi,33,5.22,Breached,2.0
HD-00114,2025-05-25,11:24,2025-05-26,Medium,Hardware,Keyboard/Mouse,Sales,Sneha Rao,Closed,Chat,Chennai,38,17.6,Within SLA,4.0
HD-00115,2025-05-31,06:59,2025-05-31,High,Hardware,Printer,IT,Ananya Das,Closed,Portal,Pune,17,14.58,Breached,3.0
HD-00116,2025-07-30,13:24,,Medium,Network,VPN,Sales,Sneha Rao,Pending,Portal,Delhi,56,,Within SLA,
HD-00117,2025-08-11,06:00,,Medium,Email,Mailbox,HR,Priya Patel,Pending,Phone,Kolkata,59,,At Risk,
HD-00118,2025-01-29,15:24,,Low,Network,Wi-Fi,Management,Ananya Das,Open,Phone,Bengaluru,97,,Within SLA,
HD-00119,2025-01-22,12:29,,High,Email,Mailbox,IT,Rahul Singh,Pending,Portal,Chennai,34,,At Risk,
HD-00120,2025-08-02,22:12,2025-08-03,Medium,Security,MFA,HR,Rahul Singh,Closed,Portal,Bengaluru,63,20.8,Within SLA,3.0
HD-00121,2025-11-17,11:45,2025-11-18,High,Hardware,Laptop,IT,Neha Verma,Resolved,Chat,Mumbai,38,18.07,Breached,3.0
HD-00122,2025-06-07,17:03,2025-06-08,Medium,Hardware,Laptop,Sales,Ananya Das,Resolved,Chat,Remote,40,18.13,Within SLA,4.0
HD-00123,2025-12-01,07:01,2025-12-01,Medium,Access,Account Lockout,Operations,Priya Patel,Resolved,Phone,Hyderabad,38,12.38,Within SLA,4.0
HD-00124,2025-05-30,04:32,2025-05-30,High,Access,Account Lockout,Sales,Sneha Rao,Closed,Phone,Hyderabad,33,10.48,Breached,1.0
HD-00125,2025-02-04,23:19,2025-02-05,Critical,Email,Outlook,Marketing,Neha Verma,Resolved,Phone,Mumbai,26,9.23,Breached,3.0
HD-00126,2025-01-04,04:13,2025-01-04,High,Access,Account Lockout,IT,Sneha Rao,Resolved,Chat,Chennai,18,9.63,Breached,2.0
HD-00127,2025-07-15,20:00,2025-07-16,Medium,Email,Spam,HR,Rahul Singh,Resolved,Email,Kolkata,41,15.45,Within SLA,4.0
HD-00128,2025-01-16,15:12,2025-01-17,Low,Software,License,Management,Ananya Das,Resolved,Portal,Bengaluru,70,18.2,Within SLA,5.0
HD-00129,2025-11-18,16:12,2025-11-19,Medium,Access,System Access,IT,Ananya Das,Resolved,Email,Chennai,33,23.8,Within SLA,3.0
HD-00130,2025-08-20,19:36,2025-08-21,Medium,Security,Access Review,Marketing,Amit Sharma,Closed,Chat,Bengaluru,88,12.12,Within SLA,4.0
HD-00131,2025-04-05,01:26,2025-04-05,Low,Security,Phishing,Marketing,Amit Sharma,Resolved,Chat,Chennai,64,19.52,Within SLA,5.0
HD-00132,2025-07-03,03:40,2025-07-03,High,Security,Phishing,Sales,Neha Verma,Closed,Phone,Remote,28,15.05,Breached,2.0
HD-00133,2025-09-20,11:33,2025-09-20,High,Security,MFA,Management,Neha Verma,Closed,Portal,Pune,27,7.48,Within SLA,3.0
HD-00134,2025-05-04,03:02,,Medium,Email,Spam,IT,Priya Patel,In Progress,Chat,Kolkata,38,,Within SLA,
HD-00135,2025-06-21,19:14,2025-06-22,Medium,Security,Security Alert,Marketing,Neha Verma,Resolved,Phone,Pune,52,11.88,Within SLA,4.0
HD-00136,2025-07-26,05:39,2025-07-26,Low,Software,Application Error,HR,Vikram Shah,Resolved,Phone,Remote,94,15.9,Within SLA,5.0
HD-00137,2025-12-08,03:16,,Medium,Security,Antivirus,IT,Sneha Rao,Open,Phone,Mumbai,30,,Within SLA,
HD-00138,2025-12-30,18:23,2025-12-31,Low,Software,Operating System,Sales,Amit Sharma,Resolved,Chat,Remote,62,17.55,Within SLA,5.0
HD-00139,2025-12-27,13:49,2025-12-27,Critical,Network,LAN,Management,Rahul Singh,Resolved,Chat,Pune,18,7.23,Breached,1.0
HD-00140,2025-01-06,11:16,2025-01-06,High,Network,Remote Access,Marketing,Rahul Singh,Resolved,Chat,Kolkata,25,9.47,Breached,2.0
HD-00141,2025-05-29,23:10,2025-05-30,Low,Network,Internet,IT,Amit Sharma,Closed,Phone,Chennai,60,19.62,Within SLA,5.0
HD-00142,2025-10-01,05:37,,High,Security,Phishing,IT,Sneha Rao,Pending,Portal,Hyderabad,32,,At Risk,
HD-00143,2025-09-30,14:33,2025-10-01,Medium,Access,System Access,Marketing,Neha Verma,Closed,Email,Remote,25,17.9,Within SLA,4.0
HD-00144,2025-07-28,10:02,2025-07-29,Low,Network,Remote Access,Management,Priya Patel,Resolved,Portal,Remote,68,19.05,Within SLA,5.0
HD-00145,2025-06-27,09:40,,Medium,Email,Outlook,IT,Amit Sharma,In Progress,Chat,Pune,65,,Within SLA,
HD-00146,2025-01-25,18:17,2025-01-26,Medium,Hardware,Laptop,Management,Amit Sharma,Resolved,Phone,Kolkata,29,11.23,Within SLA,4.0
HD-00147,2025-06-24,04:40,2025-06-24,High,Access,Email Access,HR,Rahul Singh,Resolved,Phone,Delhi,35,12.23,Breached,1.0
HD-00148,2025-10-21,16:06,2025-10-23,Low,Network,LAN,Customer Support,Vikram Shah,Resolved,Portal,Hyderabad,58,48.62,Within SLA,4.0
HD-00149,2025-12-12,06:27,2025-12-13,Low,Software,Application Error,HR,Amit Sharma,Resolved,Chat,Mumbai,53,20.38,Within SLA,5.0
HD-00150,2025-10-29,09:26,2025-10-30,Low,Email,Spam,Marketing,Sneha Rao,Resolved,Phone,Hyderabad,51,17.88,Within SLA,5.0
HD-00151,2025-01-24,16:09,,Medium,Email,Mailbox,Customer Support,Ananya Das,Pending,Email,Chennai,76,,Within SLA,
HD-00152,2025-02-27,22:48,,Medium,Software,Update,Management,Neha Verma,Open,Portal,Pune,33,,Within SLA,
HD-00153,2025-06-11,18:08,2025-06-12,Medium,Software,Operating System,Marketing,Arjun Mehta,Closed,Portal,Chennai,36,17.33,Within SLA,4.0
HD-00154,2025-12-06,06:43,2025-12-06,Low,Email,Distribution List,Marketing,Ananya Das,Resolved,Portal,Chennai,84,16.18,Within SLA,5.0
HD-00155,2025-10-18,01:25,,Critical,Access,Account Lockout,Marketing,Vikram Shah,In Progress,Portal,Chennai,21,,At Risk,
HD-00156,2025-07-19,03:47,2025-07-19,High,Access,Password Reset,Management,Sneha Rao,Resolved,Portal,Chennai,36,12.38,Breached,1.0
HD-00157,2025-05-09,02:34,,Low,Email,Mailbox,Management,Sneha Rao,Pending,Phone,Remote,75,,Within SLA,
HD-00158,2025-07-09,15:26,2025-07-10,Low,Email,Email Delivery,Finance,Priya Patel,Resolved,Email,Mumbai,81,19.55,Within SLA,5.0
HD-00159,2025-08-28,22:38,2025-08-29,Medium,Email,Outlook,Management,Amit Sharma,Resolved,Email,Kolkata,45,23.15,Within SLA,3.0
HD-00160,2025-11-10,02:01,2025-11-10,Critical,Software,Application Error,HR,Rahul Singh,Closed,Portal,Hyderabad,19,9.43,Breached,2.0
HD-00161,2025-06-28,06:10,2025-06-28,Medium,Security,Antivirus,IT,Priya Patel,Resolved,Email,Delhi,39,17.52,Within SLA,4.0
HD-00162,2025-02-02,02:41,,Medium,Access,Permission,HR,Amit Sharma,Open,Portal,Hyderabad,58,,Within SLA,
HD-00163,2025-07-30,21:24,2025-07-31,Medium,Hardware,Desktop,Operations,Amit Sharma,Closed,Portal,Bengaluru,55,11.35,Within SLA,4.0
HD-00164,2025-05-09,19:56,2025-05-10,Medium,Security,Antivirus,HR,Sneha Rao,Resolved,Email,Delhi,61,12.7,Within SLA,4.0
HD-00165,2025-01-12,12:07,2025-01-13,Medium,Access,Email Access,Marketing,Sneha Rao,Resolved,Chat,Kolkata,48,16.93,Within SLA,4.0
HD-00166,2025-04-06,17:04,2025-04-07,High,Hardware,Printer,Sales,Vikram Shah,Resolved,Portal,Kolkata,27,9.35,Breached,1.0
HD-00167,2025-06-17,09:01,2025-06-17,Medium,Email,Distribution List,Customer Support,Priya Patel,Resolved,Email,Delhi,29,13.27,Within SLA,4.0
HD-00168,2025-04-24,08:12,2025-04-24,Medium,Hardware,Keyboard/Mouse,Marketing,Rahul Singh,Resolved,Chat,Bengaluru,36,11.9,Within SLA,4.0
HD-00169,2025-06-13,12:57,2025-06-14,Medium,Hardware,Printer,IT,Neha Verma,Resolved,Chat,Hyderabad,33,11.7,Within SLA,4.0
HD-00170,2025-06-20,23:10,2025-06-21,Medium,Security,Access Review,Sales,Arjun Mehta,Resolved,Phone,Hyderabad,34,12.1,Within SLA,4.0
HD-00171,2025-09-03,19:04,2025-09-04,Medium,Email,Mailbox,Operations,Vikram Shah,Resolved,Phone,Kolkata,63,10.9,Within SLA,4.0
HD-00172,2025-11-19,20:06,2025-11-20,Medium,Access,Email Access,Sales,Arjun Mehta,Closed,Portal,Pune,91,14.33,Within SLA,4.0
HD-00173,2025-07-16,17:58,2025-07-17,High,Security,Security Alert,Finance,Sneha Rao,Closed,Email,Delhi,40,11.35,Breached,3.0
HD-00174,2025-09-21,02:29,2025-09-21,Medium,Network,LAN,HR,Amit Sharma,Resolved,Email,Pune,63,15.88,Within SLA,4.0
HD-00175,2025-05-26,07:02,2025-05-26,Medium,Security,Access Review,Sales,Sneha Rao,Resolved,Email,Remote,34,14.22,Within SLA,4.0
HD-00176,2025-07-07,13:11,2025-07-08,Medium,Hardware,Monitor,Management,Sneha Rao,Resolved,Email,Pune,40,17.83,Within SLA,4.0
HD-00177,2025-08-03,08:10,2025-08-04,Low,Email,Outlook,Management,Neha Verma,Resolved,Chat,Bengaluru,74,19.08,Within SLA,5.0
HD-00178,2025-01-02,17:28,2025-01-03,High,Software,License,HR,Priya Patel,Resolved,Portal,Chennai,32,16.6,Breached,3.0
HD-00179,2025-05-02,17:08,2025-05-03,Medium,Email,Outlook,HR,Sneha Rao,Closed,Phone,Remote,95,12.5,Within SLA,4.0
HD-00180,2025-02-02,21:56,2025-02-03,Medium,Network,Wi-Fi,Marketing,Arjun Mehta,Resolved,Email,Bengaluru,34,15.8,Within SLA,4.0
HD-00181,2025-06-14,07:00,2025-06-15,Low,Security,Access Review,Sales,Rahul Singh,Resolved,Chat,Pune,60,17.07,Within SLA,5.0
HD-00182,2025-01-04,17:19,2025-01-05,Medium,Software,Operating System,Management,Vikram Shah,Closed,Chat,Kolkata,43,16.43,Within SLA,4.0
HD-00183,2025-03-27,15:29,2025-03-28,Medium,Network,VPN,IT,Rahul Singh,Closed,Chat,Remote,32,16.72,Within SLA,4.0
HD-00184,2025-01-13,12:24,,Medium,Network,Wi-Fi,Management,Priya Patel,In Progress,Portal,Hyderabad,48,,Within SLA,
HD-00185,2025-03-06,11:03,2025-03-06,Medium,Software,Installation,Finance,Sneha Rao,Resolved,Phone,Bengaluru,53,11.7,Within SLA,4.0
HD-00186,2025-11-18,18:00,2025-11-19,Low,Security,Security Alert,Management,Rahul Singh,Resolved,Phone,Kolkata,81,26.22,Within SLA,5.0
HD-00187,2025-12-07,17:11,,Medium,Access,Permission,Finance,Priya Patel,Open,Chat,Chennai,60,,Within SLA,
HD-00188,2025-04-21,03:16,2025-04-21,Medium,Email,Mailbox,Management,Sneha Rao,Resolved,Email,Mumbai,62,15.73,Within SLA,4.0
HD-00189,2025-09-10,10:24,2025-09-11,Medium,Network,Wi-Fi,Operations,Arjun Mehta,Closed,Email,Chennai,48,17.5,Within SLA,4.0
HD-00190,2025-10-21,07:16,2025-10-22,Low,Security,Phishing,HR,Amit Sharma,Resolved,Portal,Remote,72,19.23,Within SLA,5.0
HD-00191,2025-05-14,10:20,2025-05-14,High,Access,Account Lockout,Management,Priya Patel,Resolved,Portal,Kolkata,43,9.65,Breached,2.0
HD-00192,2025-10-28,09:10,2025-10-29,High,Software,Installation,HR,Amit Sharma,Resolved,Portal,Remote,17,21.25,Breached,2.0
HD-00193,2025-11-30,23:25,2025-12-01,Low,Hardware,Desktop,HR,Vikram Shah,Resolved,Phone,Kolkata,57,16.58,Within SLA,5.0
HD-00194,2025-08-22,00:28,2025-08-22,High,Network,Wi-Fi,IT,Neha Verma,Resolved,Portal,Kolkata,71,7.9,Within SLA,3.0
HD-00195,2025-08-19,15:49,2025-08-20,Low,Hardware,Printer,Operations,Rahul Singh,Resolved,Chat,Kolkata,97,19.58,Within SLA,5.0
HD-00196,2025-07-14,14:06,2025-07-15,High,Access,Email Access,HR,Rahul Singh,Resolved,Phone,Delhi,33,15.45,Breached,2.0
HD-00197,2025-08-16,17:59,2025-08-17,Medium,Security,Phishing,IT,Vikram Shah,Resolved,Portal,Mumbai,47,17.73,Within SLA,4.0
HD-00198,2025-03-10,05:08,2025-03-10,Low,Security,Antivirus,Finance,Rahul Singh,Closed,Chat,Chennai,113,17.93,Within SLA,5.0
HD-00199,2025-10-31,08:36,2025-10-31,High,Security,Phishing,Finance,Sneha Rao,Closed,Chat,Pune,40,10.55,Breached,3.0
HD-00200,2025-03-06,19:26,,Medium,Network,Wi-Fi,HR,Neha Verma,Open,Email,Mumbai,25,,Within SLA,
HD-00201,2025-03-29,04:38,2025-03-29,Medium,Access,Permission,IT,Priya Patel,Resolved,Phone,Delhi,60,14.27,Within SLA,4.0
HD-00202,2025-11-25,02:32,2025-11-25,Medium,Hardware,Keyboard/Mouse,Management,Amit Sharma,Resolved,Phone,Hyderabad,97,12.85,Within SLA,4.0
HD-00203,2025-07-11,14:27,2025-07-11,Critical,Software,Update,Marketing,Rahul Singh,Resolved,Email,Kolkata,30,5.1,Breached,2.0
HD-00204,2025-11-26,17:18,,High,Network,Wi-Fi,Marketing,Neha Verma,Pending,Chat,Remote,28,,Within SLA,
HD-00205,2025-06-28,01:08,2025-06-28,Critical,Hardware,Keyboard/Mouse,HR,Rahul Singh,Closed,Chat,Delhi,17,5.2,Breached,2.0
HD-00206,2025-05-04,12:30,2025-05-05,Medium,Software,Application Error,Marketing,Rahul Singh,Resolved,Email,Bengaluru,42,12.32,Within SLA,4.0
HD-00207,2025-10-27,04:03,,Low,Network,LAN,IT,Priya Patel,In Progress,Email,Bengaluru,55,,Within SLA,
HD-00208,2025-11-29,15:50,2025-11-30,Medium,Hardware,Desktop,Operations,Vikram Shah,Resolved,Email,Pune,40,16.52,Within SLA,4.0
HD-00209,2025-06-29,10:33,2025-06-30,Low,Software,Application Error,Finance,Amit Sharma,Resolved,Portal,Bengaluru,60,29.42,Within SLA,4.0
HD-00210,2025-01-30,02:55,2025-01-31,Low,Hardware,Desktop,Management,Rahul Singh,Resolved,Email,Chennai,96,22.4,Within SLA,5.0
HD-00211,2025-05-29,15:17,2025-05-30,Medium,Software,License,Marketing,Rahul Singh,Resolved,Phone,Pune,30,16.52,Within SLA,4.0
HD-00212,2025-07-13,18:00,2025-07-14,Medium,Email,Outlook,Finance,Priya Patel,Resolved,Phone,Kolkata,46,13.18,Within SLA,4.0
HD-00213,2025-07-08,05:32,2025-07-08,Medium,Email,Distribution List,Operations,Vikram Shah,Resolved,Phone,Bengaluru,47,17.28,Within SLA,4.0
HD-00214,2025-11-11,01:12,2025-11-11,Critical,Email,Spam,Marketing,Rahul Singh,Closed,Email,Hyderabad,10,4.63,Breached,1.0
HD-00215,2025-03-10,09:22,,Low,Network,Internet,Finance,Sneha Rao,In Progress,Portal,Hyderabad,68,,Within SLA,
HD-00216,2025-07-05,15:10,2025-07-06,Low,Email,Mailbox,Sales,Sneha Rao,Resolved,Portal,Chennai,50,19.72,Within SLA,5.0
HD-00217,2025-01-29,04:02,2025-01-29,Medium,Security,Security Alert,HR,Sneha Rao,Resolved,Phone,Chennai,49,12.12,Within SLA,4.0
HD-00218,2025-03-10,02:23,,Medium,Security,MFA,Sales,Rahul Singh,Open,Email,Kolkata,67,,Within SLA,
HD-00219,2025-11-11,02:37,2025-11-11,Critical,Software,Update,HR,Ananya Das,Closed,Portal,Chennai,92,7.15,Breached,1.0
HD-00220,2025-09-27,04:52,2025-09-28,Low,Network,Wi-Fi,Finance,Amit Sharma,Closed,Chat,Remote,66,19.77,Within SLA,5.0
HD-00221,2025-07-06,05:09,2025-07-06,High,Email,Mailbox,Sales,Ananya Das,Resolved,Email,Mumbai,24,13.53,Breached,1.0
HD-00222,2025-05-12,05:55,2025-05-12,Medium,Email,Outlook,Finance,Vikram Shah,Resolved,Portal,Kolkata,35,11.43,Within SLA,4.0
HD-00223,2025-10-08,09:52,2025-10-08,High,Email,Spam,IT,Arjun Mehta,Resolved,Portal,Delhi,47,8.45,Breached,2.0
HD-00224,2025-02-04,00:45,2025-02-04,Medium,Security,Access Review,Management,Neha Verma,Resolved,Email,Mumbai,43,18.2,Within SLA,4.0
HD-00225,2025-12-14,12:51,2025-12-15,Medium,Hardware,Keyboard/Mouse,Customer Support,Rahul Singh,Resolved,Phone,Kolkata,42,14.28,Within SLA,4.0
HD-00226,2025-04-15,07:10,2025-04-16,Medium,Software,Application Error,HR,Sneha Rao,Closed,Chat,Hyderabad,40,19.82,Within SLA,3.0
HD-00227,2025-12-09,09:36,,Low,Network,Wi-Fi,Customer Support,Amit Sharma,Pending,Portal,Delhi,52,,Within SLA,
HD-00228,2025-03-16,20:20,2025-03-17,Low,Access,Password Reset,Customer Support,Neha Verma,Resolved,Portal,Pune,127,16.58,Within SLA,5.0
HD-00229,2025-08-03,09:31,2025-08-04,Medium,Network,Remote Access,Management,Amit Sharma,Resolved,Chat,Delhi,31,23.32,Within SLA,3.0
HD-00230,2025-02-09,05:17,2025-02-09,High,Email,Spam,Customer Support,Arjun Mehta,Closed,Chat,Remote,32,9.38,Breached,3.0
HD-00231,2025-09-27,09:23,,Medium,Access,Permission,Marketing,Amit Sharma,Open,Chat,Pune,38,,Within SLA,
HD-00232,2025-02-08,03:27,2025-02-08,Critical,Software,Installation,IT,Ananya Das,Closed,Phone,Pune,30,5.12,Breached,2.0
HD-00233,2025-10-15,18:06,2025-10-16,Medium,Email,Spam,Finance,Rahul Singh,Closed,Email,Pune,36,14.78,Within SLA,4.0
HD-00234,2025-03-09,11:20,,Low,Software,Application Error,Marketing,Amit Sharma,Pending,Chat,Mumbai,75,,Within SLA,
HD-00235,2025-09-04,18:26,2025-09-05,High,Security,Phishing,Marketing,Sneha Rao,Resolved,Chat,Remote,71,9.68,Breached,2.0
HD-00236,2025-10-18,20:49,,High,Hardware,Printer,Finance,Vikram Shah,Open,Email,Bengaluru,44,,At Risk,
HD-00237,2025-03-22,06:52,2025-03-22,Medium,Access,System Access,Finance,Amit Sharma,Closed,Chat,Bengaluru,47,11.08,Within SLA,4.0
HD-00238,2025-04-29,15:05,2025-04-30,High,Security,MFA,Customer Support,Vikram Shah,Resolved,Phone,Remote,31,14.2,Breached,1.0
HD-00239,2025-01-03,20:29,2025-01-04,Medium,Security,MFA,IT,Arjun Mehta,Resolved,Email,Remote,60,13.45,Within SLA,4.0
HD-00240,2025-10-25,06:44,2025-10-26,Low,Hardware,Keyboard/Mouse,Customer Support,Sneha Rao,Closed,Portal,Mumbai,64,19.97,Within SLA,5.0
HD-00241,2025-10-10,03:56,,High,Security,Access Review,Management,Sneha Rao,In Progress,Phone,Bengaluru,48,,Within SLA,
HD-00242,2025-10-24,06:54,2025-10-24,High,Security,MFA,HR,Neha Verma,Closed,Phone,Hyderabad,19,9.48,Breached,2.0
HD-00243,2025-06-30,02:33,,High,Access,Password Reset,HR,Ananya Das,Open,Portal,Delhi,29,,At Risk,
HD-00244,2025-06-08,21:56,2025-06-09,Critical,Access,Account Lockout,Operations,Rahul Singh,Resolved,Email,Remote,53,4.83,Breached,1.0
HD-00245,2025-10-23,14:50,2025-10-23,High,Email,Mailbox,Management,Priya Patel,Closed,Portal,Kolkata,30,8.63,Breached,1.0
HD-00246,2025-12-13,10:06,2025-12-13,Medium,Email,Mailbox,Finance,Amit Sharma,Closed,Portal,Hyderabad,40,13.28,Within SLA,4.0
HD-00247,2025-03-06,20:44,,Low,Hardware,Printer,IT,Ananya Das,Open,Phone,Kolkata,96,,Within SLA,
HD-00248,2025-03-15,04:15,2025-03-15,Low,Access,Password Reset,Marketing,Neha Verma,Closed,Portal,Hyderabad,70,17.93,Within SLA,5.0
HD-00249,2025-01-15,12:15,2025-01-16,Medium,Security,MFA,Finance,Amit Sharma,Resolved,Email,Mumbai,32,12.57,Within SLA,4.0
HD-00250,2025-09-30,13:53,2025-10-01,Low,Security,Phishing,IT,Vikram Shah,Closed,Email,Pune,77,26.18,Within SLA,5.0
HD-00251,2025-08-28,21:21,,Low,Hardware,Laptop,Management,Neha Verma,In Progress,Portal,Pune,95,,Within SLA,
HD-00252,2025-08-01,21:01,2025-08-02,Medium,Software,Operating System,Operations,Neha Verma,Closed,Email,Mumbai,50,11.77,Within SLA,4.0
HD-00253,2025-10-09,00:06,2025-10-09,High,Network,VPN,Management,Arjun Mehta,Resolved,Phone,Remote,52,12.35,Breached,1.0
HD-00254,2025-02-06,21:26,,High,Hardware,Laptop,Sales,Rahul Singh,Open,Phone,Chennai,55,,At Risk,
HD-00255,2025-05-14,02:24,,Low,Access,Email Access,Management,Arjun Mehta,In Progress,Chat,Remote,95,,Within SLA,
HD-00256,2025-08-18,10:11,,Medium,Email,Outlook,Sales,Vikram Shah,Open,Phone,Mumbai,74,,Within SLA,
HD-00257,2025-06-21,03:30,2025-06-22,Low,Network,Internet,Finance,Neha Verma,Resolved,Phone,Delhi,81,22.48,Within SLA,5.0
HD-00258,2025-02-27,17:33,,High,Email,Distribution List,Finance,Amit Sharma,Open,Portal,Remote,33,,Within SLA,
HD-00259,2025-06-06,14:48,2025-06-07,High,Hardware,Monitor,Management,Ananya Das,Resolved,Email,Remote,20,11.45,Breached,2.0
HD-00260,2025-01-14,21:58,2025-01-15,Medium,Hardware,Laptop,IT,Neha Verma,Resolved,Chat,Chennai,34,14.0,Within SLA,4.0
HD-00261,2025-08-29,16:33,2025-08-30,Medium,Security,MFA,Management,Priya Patel,Resolved,Email,Hyderabad,36,19.43,Within SLA,3.0
HD-00262,2025-05-26,04:54,2025-05-26,High,Hardware,Desktop,Management,Rahul Singh,Resolved,Chat,Delhi,26,13.43,Breached,1.0
HD-00263,2025-10-06,08:56,,Medium,Access,Password Reset,HR,Ananya Das,Pending,Chat,Bengaluru,47,,At Risk,
HD-00264,2025-10-31,08:12,2025-10-31,High,Software,Update,Sales,Rahul Singh,Closed,Email,Kolkata,37,15.37,Breached,3.0
HD-00265,2025-12-22,16:54,,Medium,Software,License,Customer Support,Sneha Rao,In Progress,Phone,Remote,30,,Within SLA,
HD-00266,2025-11-24,10:01,2025-11-24,High,Network,Remote Access,Marketing,Neha Verma,Closed,Portal,Pune,21,13.63,Breached,2.0
HD-00267,2025-08-07,08:49,2025-08-07,Medium,Email,Outlook,IT,Vikram Shah,Resolved,Email,Delhi,29,11.17,Within SLA,4.0
HD-00268,2025-03-04,12:01,2025-03-04,Critical,Security,MFA,Sales,Amit Sharma,Closed,Phone,Hyderabad,46,4.15,Breached,3.0
HD-00269,2025-04-22,16:59,2025-04-23,Medium,Hardware,Monitor,Customer Support,Vikram Shah,Resolved,Phone,Mumbai,33,18.6,Within SLA,4.0
HD-00270,2025-10-21,06:06,2025-10-21,Medium,Security,Access Review,Marketing,Neha Verma,Resolved,Phone,Remote,51,12.12,Within SLA,4.0
HD-00271,2025-05-27,11:44,2025-05-28,Low,Network,Remote Access,IT,Rahul Singh,Resolved,Portal,Pune,57,22.25,Within SLA,5.0
HD-00272,2025-08-31,20:50,2025-09-01,Medium,Security,MFA,Management,Sneha Rao,Closed,Email,Chennai,86,16.58,Within SLA,4.0
HD-00273,2025-07-30,21:52,2025-07-31,Medium,Hardware,Printer,Marketing,Neha Verma,Resolved,Phone,Chennai,28,12.38,Within SLA,4.0
HD-00274,2025-08-27,08:06,2025-08-27,High,Software,Application Error,Operations,Vikram Shah,Resolved,Email,Kolkata,35,10.65,Breached,2.0
HD-00275,2025-01-18,00:43,,Medium,Security,Antivirus,Operations,Priya Patel,Pending,Email,Bengaluru,65,,Within SLA,
HD-00276,2025-09-02,11:30,2025-09-02,High,Security,Security Alert,HR,Neha Verma,Closed,Chat,Delhi,22,9.67,Breached,1.0
HD-00277,2025-03-11,03:00,2025-03-11,High,Email,Email Delivery,Marketing,Arjun Mehta,Resolved,Chat,Kolkata,30,9.92,Breached,1.0
HD-00278,2025-09-07,02:29,2025-09-07,High,Hardware,Keyboard/Mouse,Finance,Priya Patel,Resolved,Phone,Delhi,48,8.13,Breached,1.0
HD-00279,2025-07-04,01:53,2025-07-05,Low,Software,Installation,Customer Support,Arjun Mehta,Closed,Portal,Pune,78,28.83,Within SLA,4.0
HD-00280,2025-08-04,13:37,2025-08-05,Low,Hardware,Laptop,Customer Support,Priya Patel,Closed,Phone,Hyderabad,89,18.42,Within SLA,5.0
HD-00281,2025-07-19,01:20,2025-07-19,Low,Software,Installation,IT,Neha Verma,Closed,Email,Bengaluru,69,20.25,Within SLA,5.0
HD-00282,2025-01-29,09:45,2025-01-29,Medium,Hardware,Printer,HR,Neha Verma,Resolved,Chat,Chennai,50,13.48,Within SLA,4.0
HD-00283,2025-03-17,03:32,,Medium,Access,Permission,IT,Rahul Singh,Pending,Phone,Chennai,35,,Within SLA,
HD-00284,2025-09-06,21:02,2025-09-07,Medium,Network,VPN,Operations,Ananya Das,Resolved,Chat,Remote,36,11.78,Within SLA,4.0
HD-00285,2025-11-23,22:04,,Medium,Software,Update,Marketing,Arjun Mehta,Open,Email,Delhi,86,,Within SLA,
HD-00286,2025-10-26,17:27,2025-10-27,Medium,Hardware,Keyboard/Mouse,IT,Ananya Das,Resolved,Portal,Chennai,86,17.13,Within SLA,4.0
HD-00287,2025-07-14,14:48,2025-07-15,Medium,Access,Permission,Finance,Neha Verma,Resolved,Portal,Bengaluru,59,13.68,Within SLA,4.0
HD-00288,2025-07-09,09:09,2025-07-10,Low,Network,Internet,Marketing,Amit Sharma,Resolved,Portal,Chennai,72,23.53,Within SLA,5.0
HD-00289,2025-08-10,10:16,,Low,Security,Security Alert,Operations,Priya Patel,Pending,Phone,Kolkata,58,,Within SLA,
HD-00290,2025-11-04,20:06,2025-11-05,Medium,Email,Email Delivery,Sales,Ananya Das,Resolved,Portal,Hyderabad,49,12.6,Within SLA,4.0
HD-00291,2025-10-06,13:44,2025-10-07,High,Security,Antivirus,Customer Support,Sneha Rao,Closed,Email,Remote,32,11.95,Breached,1.0
HD-00292,2025-01-17,18:08,2025-01-19,Low,Email,Mailbox,Sales,Amit Sharma,Resolved,Portal,Mumbai,103,30.93,Within SLA,4.0
HD-00293,2025-10-10,17:12,2025-10-11,Medium,Network,Wi-Fi,Marketing,Ananya Das,Resolved,Chat,Remote,78,11.58,Within SLA,4.0
HD-00294,2025-04-13,17:30,2025-04-14,Low,Security,MFA,Management,Priya Patel,Resolved,Portal,Kolkata,57,25.12,Within SLA,5.0
HD-00295,2025-06-13,00:46,2025-06-13,High,Email,Email Delivery,Sales,Ananya Das,Resolved,Email,Delhi,147,10.7,Breached,3.0
HD-00296,2025-09-10,03:16,,Medium,Access,Permission,Finance,Vikram Shah,In Progress,Portal,Remote,38,,Within SLA,
HD-00297,2025-09-28,13:47,2025-09-29,Medium,Access,Account Lockout,IT,Ananya Das,Resolved,Portal,Delhi,67,11.37,Within SLA,4.0
HD-00298,2025-11-03,13:57,2025-11-04,Low,Email,Email Delivery,Finance,Vikram Shah,Resolved,Portal,Chennai,55,20.12,Within SLA,5.0
HD-00299,2025-07-28,04:51,2025-07-28,Medium,Network,Remote Access,IT,Vikram Shah,Closed,Portal,Kolkata,46,15.12,Within SLA,4.0
HD-00300,2025-04-30,02:12,,Medium,Security,Security Alert,Sales,Priya Patel,In Progress,Portal,Remote,45,,Within SLA,
HD-00301,2025-09-23,20:36,,High,Software,Operating System,Finance,Priya Patel,Pending,Portal,Remote,31,,At Risk,
HD-00302,2025-01-15,15:54,2025-01-16,High,Access,System Access,IT,Amit Sharma,Resolved,Portal,Remote,19,13.23,Breached,1.0
HD-00303,2025-11-01,11:01,2025-11-02,Medium,Email,Mailbox,Sales,Amit Sharma,Closed,Phone,Hyderabad,37,16.18,Within SLA,4.0
HD-00304,2025-03-19,19:01,,Medium,Security,Phishing,HR,Arjun Mehta,Pending,Phone,Chennai,34,,Within SLA,
HD-00305,2025-06-08,02:46,,Medium,Email,Email Delivery,IT,Sneha Rao,Open,Email,Pune,72,,Within SLA,
HD-00306,2025-10-22,04:09,2025-10-22,Medium,Access,Email Access,Finance,Ananya Das,Resolved,Email,Pune,51,14.58,Within SLA,4.0
HD-00307,2025-11-20,04:27,2025-11-20,Medium,Network,Wi-Fi,Customer Support,Sneha Rao,Resolved,Email,Bengaluru,27,14.5,Within SLA,4.0
HD-00308,2025-10-13,14:41,2025-10-14,Low,Network,VPN,Marketing,Neha Verma,Resolved,Portal,Chennai,84,22.72,Within SLA,5.0
HD-00309,2025-07-30,06:54,2025-07-30,Critical,Access,Permission,Operations,Ananya Das,Resolved,Phone,Remote,45,5.85,Breached,1.0
HD-00310,2025-01-22,00:41,2025-01-22,Medium,Access,Email Access,Finance,Sneha Rao,Resolved,Chat,Bengaluru,31,16.15,Within SLA,4.0
HD-00311,2025-02-09,03:02,2025-02-09,Medium,Email,Spam,Sales,Arjun Mehta,Resolved,Portal,Pune,49,14.48,Within SLA,4.0
HD-00312,2025-09-30,03:06,,High,Network,LAN,IT,Ananya Das,Pending,Portal,Bengaluru,79,,At Risk,
HD-00313,2025-08-04,16:08,2025-08-05,Medium,Access,Account Lockout,Sales,Rahul Singh,Resolved,Chat,Mumbai,42,20.08,Within SLA,3.0
HD-00314,2025-10-07,20:06,2025-10-08,Medium,Access,Permission,IT,Amit Sharma,Closed,Chat,Delhi,43,14.13,Within SLA,4.0
HD-00315,2025-05-21,04:24,2025-05-21,Medium,Email,Spam,Operations,Amit Sharma,Resolved,Chat,Delhi,59,15.75,Within SLA,4.0
HD-00316,2025-07-29,02:36,2025-07-29,Low,Network,Internet,Operations,Ananya Das,Resolved,Chat,Delhi,56,17.8,Within SLA,5.0
HD-00317,2025-11-10,16:28,2025-11-11,High,Access,System Access,Customer Support,Priya Patel,Resolved,Email,Bengaluru,23,14.17,Breached,2.0
HD-00318,2025-04-16,08:12,,High,Network,Remote Access,Management,Vikram Shah,Open,Portal,Bengaluru,24,,Within SLA,
HD-00319,2025-10-19,04:04,2025-10-20,Low,Software,Operating System,HR,Priya Patel,Closed,Email,Remote,54,21.22,Within SLA,5.0
HD-00320,2025-04-12,22:13,2025-04-13,Medium,Hardware,Monitor,IT,Neha Verma,Resolved,Portal,Pune,31,10.68,Within SLA,4.0
HD-00321,2025-12-02,15:18,2025-12-03,Medium,Email,Spam,Management,Rahul Singh,Closed,Portal,Remote,53,14.83,Within SLA,4.0
HD-00322,2025-05-01,06:15,2025-05-01,High,Access,System Access,Marketing,Priya Patel,Resolved,Chat,Pune,26,14.13,Breached,2.0
HD-00323,2025-07-27,19:28,2025-07-28,Low,Access,Email Access,IT,Amit Sharma,Closed,Chat,Pune,91,19.1,Within SLA,5.0
HD-00324,2025-10-05,15:42,2025-10-06,High,Access,Email Access,Marketing,Arjun Mehta,Closed,Email,Kolkata,35,12.8,Breached,2.0
HD-00325,2025-04-21,13:22,2025-04-22,Medium,Email,Spam,Customer Support,Neha Verma,Resolved,Email,Bengaluru,32,13.77,Within SLA,4.0
HD-00326,2025-07-11,01:44,2025-07-11,Low,Hardware,Desktop,Finance,Amit Sharma,Resolved,Portal,Delhi,55,17.97,Within SLA,5.0
HD-00327,2025-07-13,13:23,2025-07-13,Critical,Access,Password Reset,Operations,Priya Patel,Resolved,Portal,Mumbai,22,5.87,Breached,1.0
HD-00328,2025-02-17,08:45,2025-02-17,Critical,Security,Antivirus,Customer Support,Ananya Das,Resolved,Portal,Mumbai,34,8.68,Breached,2.0
HD-00329,2025-09-22,15:30,2025-09-22,Critical,Network,VPN,Finance,Priya Patel,Closed,Phone,Remote,42,4.38,Breached,2.0
HD-00330,2025-01-06,20:26,,Low,Network,Remote Access,HR,Vikram Shah,Pending,Portal,Mumbai,74,,Within SLA,
HD-00331,2025-10-27,08:20,2025-10-28,Low,Software,Operating System,HR,Sneha Rao,Resolved,Email,Mumbai,54,16.92,Within SLA,5.0
HD-00332,2025-05-04,00:13,2025-05-04,Critical,Security,MFA,Management,Neha Verma,Resolved,Email,Kolkata,26,5.12,Breached,1.0
HD-00333,2025-08-09,02:02,2025-08-09,Low,Network,Internet,Management,Arjun Mehta,Closed,Portal,Delhi,61,19.9,Within SLA,5.0
HD-00334,2025-10-29,08:04,2025-10-29,Medium,Access,Account Lockout,Finance,Sneha Rao,Closed,Portal,Chennai,55,13.45,Within SLA,4.0
HD-00335,2025-07-13,05:29,2025-07-13,High,Software,Update,IT,Sneha Rao,Resolved,Chat,Chennai,34,12.92,Breached,1.0
HD-00336,2025-03-20,11:30,2025-03-21,Low,Software,Application Error,Finance,Vikram Shah,Resolved,Chat,Pune,52,24.03,Within SLA,5.0
HD-00337,2025-09-06,03:08,2025-09-06,Low,Email,Outlook,Operations,Amit Sharma,Closed,Phone,Mumbai,56,17.52,Within SLA,5.0
HD-00338,2025-05-30,15:32,2025-05-31,Low,Email,Mailbox,Sales,Vikram Shah,Closed,Email,Chennai,77,20.03,Within SLA,5.0
HD-00339,2025-09-13,08:38,2025-09-14,Low,Email,Outlook,Operations,Sneha Rao,Resolved,Phone,Chennai,97,18.47,Within SLA,5.0
HD-00340,2025-07-31,21:36,2025-08-01,Low,Email,Spam,Operations,Ananya Das,Resolved,Chat,Kolkata,55,16.82,Within SLA,5.0
HD-00341,2025-09-25,20:38,2025-09-26,High,Email,Distribution List,Sales,Priya Patel,Resolved,Email,Remote,22,11.07,Breached,2.0
HD-00342,2025-02-05,16:37,2025-02-06,Medium,Email,Mailbox,HR,Sneha Rao,Resolved,Chat,Bengaluru,55,15.3,Within SLA,4.0
HD-00343,2025-11-10,22:17,,Medium,Hardware,Laptop,Operations,Sneha Rao,Pending,Chat,Kolkata,48,,Within SLA,
HD-00344,2025-08-08,09:22,2025-08-09,Low,Email,Mailbox,Sales,Amit Sharma,Closed,Chat,Remote,69,18.15,Within SLA,5.0
HD-00345,2025-02-27,11:34,2025-02-28,Low,Hardware,Monitor,Finance,Vikram Shah,Resolved,Phone,Delhi,62,22.9,Within SLA,5.0
HD-00346,2025-03-18,22:30,2025-03-19,Medium,Security,Access Review,Marketing,Neha Verma,Resolved,Portal,Delhi,39,14.95,Within SLA,4.0
HD-00347,2025-06-10,14:51,2025-06-11,Medium,Network,VPN,Operations,Sneha Rao,Resolved,Email,Pune,31,21.03,Within SLA,3.0
HD-00348,2025-06-21,01:25,2025-06-21,Low,Software,Installation,Operations,Rahul Singh,Closed,Email,Delhi,55,18.13,Within SLA,5.0
HD-00349,2025-11-09,08:26,2025-11-10,Low,Access,Email Access,Finance,Sneha Rao,Resolved,Portal,Hyderabad,67,19.2,Within SLA,5.0
HD-00350,2025-02-24,21:27,2025-02-25,Medium,Security,Phishing,Customer Support,Amit Sharma,Resolved,Phone,Bengaluru,29,12.78,Within SLA,4.0
HD-00351,2025-01-04,05:40,,Low,Security,MFA,Operations,Priya Patel,Open,Email,Pune,72,,Within SLA,
HD-00352,2025-12-03,14:54,2025-12-04,Medium,Hardware,Desktop,Marketing,Ananya Das,Resolved,Email,Mumbai,45,13.9,Within SLA,4.0
HD-00353,2025-05-15,16:13,,Medium,Network,Internet,Marketing,Arjun Mehta,Open,Email,Pune,39,,At Risk,
HD-00354,2025-02-04,02:18,2025-02-04,High,Email,Distribution List,Marketing,Vikram Shah,Resolved,Portal,Bengaluru,24,10.22,Breached,3.0
HD-00355,2025-02-23,19:37,,Medium,Security,Antivirus,Sales,Arjun Mehta,Pending,Portal,Kolkata,36,,Within SLA,
HD-00356,2025-10-10,08:52,2025-10-11,Low,Network,LAN,Customer Support,Arjun Mehta,Resolved,Chat,Pune,59,21.27,Within SLA,5.0
HD-00357,2025-08-26,19:37,2025-08-27,Low,Software,Installation,Finance,Sneha Rao,Resolved,Email,Remote,90,20.52,Within SLA,5.0
HD-00358,2025-05-31,11:23,2025-06-01,Medium,Software,Installation,Marketing,Neha Verma,Closed,Email,Kolkata,37,14.42,Within SLA,4.0
HD-00359,2025-06-27,16:37,2025-06-28,High,Access,Email Access,Finance,Vikram Shah,Closed,Phone,Kolkata,54,11.65,Breached,1.0
HD-00360,2025-07-22,04:48,2025-07-22,Low,Access,Password Reset,Marketing,Vikram Shah,Resolved,Email,Kolkata,70,18.05,Within SLA,5.0
HD-00361,2025-04-29,06:39,2025-04-29,High,Network,LAN,Sales,Vikram Shah,Closed,Phone,Mumbai,62,11.38,Breached,3.0
HD-00362,2025-02-13,22:50,2025-02-14,Low,Email,Distribution List,Sales,Vikram Shah,Resolved,Chat,Chennai,54,21.05,Within SLA,5.0
HD-00363,2025-06-26,13:57,2025-06-27,Low,Network,VPN,HR,Priya Patel,Closed,Email,Remote,70,19.77,Within SLA,5.0
HD-00364,2025-03-08,08:45,2025-03-08,High,Email,Mailbox,Sales,Rahul Singh,Resolved,Portal,Mumbai,20,9.83,Breached,1.0
HD-00365,2025-12-15,23:01,,Low,Software,Application Error,IT,Amit Sharma,Open,Chat,Remote,68,,Within SLA,
HD-00366,2025-08-17,16:35,,Medium,Access,Email Access,Management,Priya Patel,Open,Email,Hyderabad,33,,Within SLA,
HD-00367,2025-03-13,18:50,2025-03-14,Low,Security,MFA,Finance,Rahul Singh,Resolved,Email,Pune,55,22.58,Within SLA,5.0
HD-00368,2025-08-07,07:52,2025-08-08,Low,Access,System Access,Operations,Amit Sharma,Resolved,Email,Pune,53,18.25,Within SLA,5.0
HD-00369,2025-03-23,11:54,2025-03-24,Medium,Email,Email Delivery,HR,Priya Patel,Resolved,Chat,Pune,59,15.62,Within SLA,4.0
HD-00370,2025-12-27,01:14,2025-12-27,Low,Email,Outlook,Management,Ananya Das,Closed,Portal,Hyderabad,64,20.42,Within SLA,5.0
HD-00371,2025-01-05,09:17,2025-01-06,Medium,Security,MFA,IT,Priya Patel,Resolved,Phone,Pune,52,18.63,Within SLA,4.0
HD-00372,2025-01-12,07:23,2025-01-13,High,Software,License,Operations,Ananya Das,Closed,Chat,Mumbai,32,17.58,Breached,2.0
HD-00373,2025-06-29,14:32,2025-06-30,High,Access,Password Reset,IT,Sneha Rao,Closed,Email,Hyderabad,27,10.72,Breached,3.0
HD-00374,2025-06-01,07:01,2025-06-02,Low,Hardware,Printer,Operations,Amit Sharma,Resolved,Phone,Kolkata,88,22.62,Within SLA,5.0
HD-00375,2025-07-23,22:17,2025-07-24,Medium,Hardware,Printer,Finance,Neha Verma,Resolved,Email,Remote,34,13.88,Within SLA,4.0
HD-00376,2025-05-01,12:45,2025-05-01,High,Software,Application Error,Sales,Neha Verma,Resolved,Email,Remote,29,6.83,Within SLA,3.0
HD-00377,2025-02-10,00:59,2025-02-10,Medium,Security,MFA,Finance,Arjun Mehta,Resolved,Portal,Chennai,35,21.35,Within SLA,3.0
HD-00378,2025-04-16,21:19,2025-04-17,Low,Network,Wi-Fi,Finance,Priya Patel,Closed,Portal,Chennai,94,17.63,Within SLA,5.0
HD-00379,2025-12-13,12:18,2025-12-14,Medium,Access,Password Reset,Sales,Amit Sharma,Resolved,Chat,Mumbai,31,11.85,Within SLA,4.0
HD-00380,2025-08-19,04:53,2025-08-19,Medium,Security,Security Alert,Operations,Arjun Mehta,Closed,Phone,Hyderabad,55,14.3,Within SLA,4.0
HD-00381,2025-11-12,16:19,2025-11-13,High,Security,Security Alert,HR,Ananya Das,Resolved,Phone,Remote,51,9.73,Breached,3.0
HD-00382,2025-05-09,06:52,2025-05-09,High,Network,LAN,Management,Amit Sharma,Resolved,Email,Remote,30,9.1,Breached,3.0
HD-00383,2025-02-19,11:23,2025-02-21,Medium,Access,Password Reset,Operations,Priya Patel,Resolved,Phone,Remote,39,44.93,Breached,2.0
HD-00384,2025-01-26,15:43,2025-01-27,Medium,Security,Access Review,Customer Support,Vikram Shah,Resolved,Phone,Hyderabad,68,29.15,Breached,1.0
HD-00385,2025-08-18,23:21,,Medium,Network,Remote Access,HR,Ananya Das,Pending,Portal,Pune,125,,Within SLA,
HD-00386,2025-09-14,09:10,2025-09-15,Low,Software,Installation,Finance,Rahul Singh,Closed,Portal,Remote,61,16.55,Within SLA,5.0
HD-00387,2025-05-03,22:54,2025-05-04,Medium,Security,MFA,Customer Support,Sneha Rao,Closed,Email,Mumbai,46,13.73,Within SLA,4.0
HD-00388,2025-08-31,19:25,2025-09-01,Medium,Access,Email Access,Customer Support,Vikram Shah,Resolved,Portal,Bengaluru,35,15.6,Within SLA,4.0
HD-00389,2025-01-28,20:43,2025-01-29,Medium,Software,Operating System,Customer Support,Rahul Singh,Closed,Email,Bengaluru,41,20.17,Within SLA,3.0
HD-00390,2025-06-15,07:51,2025-06-15,Medium,Access,System Access,Customer Support,Ananya Das,Resolved,Chat,Chennai,42,14.47,Within SLA,4.0
HD-00391,2025-10-04,13:31,2025-10-05,Medium,Access,System Access,Operations,Amit Sharma,Closed,Email,Remote,32,15.77,Within SLA,4.0
HD-00392,2025-10-12,00:08,2025-10-12,Medium,Network,LAN,HR,Priya Patel,Closed,Portal,Remote,61,17.03,Within SLA,4.0
HD-00393,2025-08-14,02:31,2025-08-14,Medium,Hardware,Printer,Finance,Ananya Das,Closed,Chat,Remote,39,19.58,Within SLA,3.0
HD-00394,2025-03-07,01:17,2025-03-07,Low,Email,Spam,IT,Amit Sharma,Closed,Chat,Bengaluru,73,19.42,Within SLA,5.0
HD-00395,2025-01-30,20:24,2025-01-31,High,Network,Internet,Sales,Arjun Mehta,Resolved,Phone,Pune,24,11.08,Breached,2.0
HD-00396,2025-05-24,14:28,,High,Network,VPN,Management,Rahul Singh,Pending,Email,Chennai,47,,At Risk,
HD-00397,2025-10-09,22:48,2025-10-10,Medium,Software,Update,Operations,Amit Sharma,Resolved,Phone,Delhi,43,12.7,Within SLA,4.0
HD-00398,2025-12-25,05:56,2025-12-25,Medium,Access,Email Access,Management,Arjun Mehta,Resolved,Portal,Kolkata,75,15.57,Within SLA,4.0
HD-00399,2025-12-23,09:41,,Medium,Network,LAN,IT,Sneha Rao,In Progress,Phone,Pune,34,,Within SLA,
HD-00400,2025-04-04,21:42,2025-04-05,High,Email,Mailbox,Operations,Rahul Singh,Closed,Phone,Mumbai,31,9.33,Breached,1.0
HD-00401,2025-08-29,13:12,2025-08-30,Low,Email,Mailbox,HR,Priya Patel,Resolved,Email,Bengaluru,96,21.82,Within SLA,5.0
HD-00402,2025-02-13,01:09,2025-02-13,Medium,Network,Internet,Management,Priya Patel,Closed,Chat,Pune,64,16.75,Within SLA,4.0
HD-00403,2025-10-31,04:56,,Low,Hardware,Monitor,Customer Support,Sneha Rao,Pending,Email,Pune,58,,Within SLA,
HD-00404,2025-08-26,00:25,2025-08-26,Medium,Security,Security Alert,HR,Rahul Singh,Closed,Chat,Hyderabad,32,14.47,Within SLA,4.0
HD-00405,2025-01-01,08:05,2025-01-01,Critical,Security,Security Alert,IT,Rahul Singh,Closed,Phone,Kolkata,34,7.42,Breached,3.0
HD-00406,2025-10-31,06:51,2025-10-31,High,Hardware,Keyboard/Mouse,Marketing,Amit Sharma,Resolved,Chat,Remote,28,11.83,Breached,2.0
HD-00407,2025-02-01,05:54,2025-02-01,High,Network,VPN,Sales,Amit Sharma,Resolved,Chat,Hyderabad,30,12.78,Breached,3.0
HD-00408,2025-06-20,02:18,2025-06-20,High,Software,Application Error,Marketing,Amit Sharma,Resolved,Portal,Remote,66,10.45,Breached,2.0
HD-00409,2025-01-07,09:01,,Low,Hardware,Printer,Finance,Vikram Shah,In Progress,Email,Hyderabad,76,,Within SLA,
HD-00410,2025-02-27,20:20,2025-02-28,High,Software,Application Error,Finance,Rahul Singh,Resolved,Chat,Mumbai,39,7.58,Within SLA,3.0
HD-00411,2025-06-27,03:56,2025-06-28,Medium,Email,Email Delivery,HR,Priya Patel,Resolved,Chat,Hyderabad,35,28.82,Breached,2.0
HD-00412,2025-05-06,22:05,2025-05-07,Low,Security,Access Review,Sales,Sneha Rao,Closed,Portal,Mumbai,63,17.27,Within SLA,5.0
HD-00413,2025-09-28,09:56,,Medium,Software,Operating System,Marketing,Amit Sharma,In Progress,Portal,Delhi,50,,Within SLA,
HD-00414,2025-09-27,07:55,2025-09-27,High,Access,Account Lockout,Marketing,Rahul Singh,Resolved,Phone,Remote,89,10.48,Breached,3.0
HD-00415,2025-11-17,23:23,,High,Network,LAN,Finance,Neha Verma,Pending,Portal,Delhi,33,,At Risk,
HD-00416,2025-01-21,14:38,2025-01-22,Low,Software,Operating System,Management,Rahul Singh,Resolved,Portal,Mumbai,63,17.18,Within SLA,5.0
HD-00417,2025-12-12,16:08,2025-12-13,High,Hardware,Laptop,Finance,Rahul Singh,Resolved,Portal,Mumbai,51,9.53,Breached,3.0
HD-00418,2025-12-15,21:26,,Medium,Hardware,Printer,Marketing,Priya Patel,Open,Portal,Kolkata,41,,Within SLA,
HD-00419,2025-12-12,19:57,2025-12-13,Medium,Software,Update,Management,Rahul Singh,Resolved,Chat,Chennai,65,11.17,Within SLA,4.0
HD-00420,2025-01-24,03:59,2025-01-25,Medium,Hardware,Monitor,Management,Vikram Shah,Resolved,Portal,Chennai,39,23.15,Within SLA,3.0
HD-00421,2025-08-03,16:03,2025-08-04,High,Hardware,Monitor,Management,Neha Verma,Resolved,Chat,Remote,69,8.95,Breached,3.0
HD-00422,2025-03-28,08:58,,High,Email,Mailbox,Finance,Vikram Shah,Pending,Email,Mumbai,48,,At Risk,
HD-00423,2025-11-11,11:06,2025-11-11,High,Hardware,Monitor,Management,Neha Verma,Closed,Email,Mumbai,30,9.65,Breached,1.0
HD-00424,2025-01-07,04:28,,Medium,Network,VPN,Management,Amit Sharma,In Progress,Chat,Remote,67,,Within SLA,
HD-00425,2025-06-30,07:33,2025-06-30,High,Hardware,Laptop,Customer Support,Sneha Rao,Resolved,Email,Pune,39,12.38,Breached,2.0
HD-00426,2025-10-13,17:47,2025-10-14,Critical,Email,Spam,Finance,Priya Patel,Resolved,Chat,Chennai,14,10.88,Breached,3.0
HD-00427,2025-10-03,11:30,2025-10-04,High,Software,License,Marketing,Priya Patel,Closed,Chat,Hyderabad,45,17.02,Breached,2.0
HD-00428,2025-04-18,15:10,2025-04-19,Low,Network,Internet,Management,Ananya Das,Closed,Email,Remote,78,17.43,Within SLA,5.0
HD-00429,2025-11-07,15:38,2025-11-08,Medium,Security,Phishing,Marketing,Ananya Das,Resolved,Email,Delhi,35,12.75,Within SLA,4.0
HD-00430,2025-09-01,14:38,2025-09-02,Low,Access,System Access,Sales,Ananya Das,Resolved,Phone,Kolkata,72,20.92,Within SLA,5.0
HD-00431,2025-05-14,03:03,,Medium,Network,LAN,Management,Ananya Das,Open,Phone,Bengaluru,30,,Within SLA,
HD-00432,2025-04-22,21:43,2025-04-23,High,Hardware,Desktop,Operations,Arjun Mehta,Closed,Chat,Bengaluru,21,8.92,Breached,3.0
HD-00433,2025-09-27,01:54,2025-09-27,High,Software,Installation,Marketing,Priya Patel,Closed,Email,Chennai,31,7.47,Within SLA,3.0
HD-00434,2025-09-16,11:24,2025-09-17,Medium,Network,VPN,Operations,Ananya Das,Resolved,Portal,Pune,92,14.6,Within SLA,4.0
HD-00435,2025-04-25,18:47,2025-04-26,Medium,Network,Remote Access,Sales,Ananya Das,Closed,Phone,Delhi,46,12.25,Within SLA,4.0
HD-00436,2025-06-23,04:46,2025-06-23,Medium,Network,Wi-Fi,Marketing,Neha Verma,Resolved,Phone,Hyderabad,46,15.55,Within SLA,4.0
HD-00437,2025-07-18,18:12,2025-07-19,Medium,Access,Permission,Finance,Sneha Rao,Closed,Chat,Bengaluru,41,11.95,Within SLA,4.0
HD-00438,2025-04-30,15:33,2025-04-30,Critical,Email,Email Delivery,Marketing,Ananya Das,Resolved,Chat,Remote,14,4.7,Breached,1.0
HD-00439,2025-02-25,18:48,2025-02-26,Low,Access,System Access,Operations,Priya Patel,Resolved,Chat,Delhi,72,17.28,Within SLA,5.0
HD-00440,2025-08-09,13:21,2025-08-09,High,Software,Installation,Sales,Vikram Shah,Resolved,Phone,Remote,24,10.32,Breached,1.0
HD-00441,2025-03-01,19:36,2025-03-02,Medium,Security,Security Alert,HR,Arjun Mehta,Resolved,Chat,Bengaluru,51,12.5,Within SLA,4.0
HD-00442,2025-01-26,21:55,,Medium,Network,Remote Access,Management,Vikram Shah,Pending,Phone,Remote,61,,Within SLA,
HD-00443,2025-02-26,18:05,2025-02-27,Medium,Security,Antivirus,Operations,Rahul Singh,Resolved,Email,Pune,33,15.32,Within SLA,4.0
HD-00444,2025-03-17,06:29,2025-03-17,High,Software,Application Error,Sales,Sneha Rao,Resolved,Phone,Pune,42,10.77,Breached,1.0
HD-00445,2025-01-06,00:12,2025-01-07,Low,Network,Internet,Management,Vikram Shah,Resolved,Phone,Bengaluru,58,24.53,Within SLA,5.0
HD-00446,2025-07-24,03:26,2025-07-24,High,Security,Access Review,HR,Vikram Shah,Resolved,Chat,Delhi,24,8.18,Breached,3.0
HD-00447,2025-07-23,03:50,2025-07-23,High,Network,VPN,IT,Amit Sharma,Resolved,Email,Hyderabad,55,9.43,Breached,1.0
HD-00448,2025-06-14,23:28,2025-06-15,Medium,Hardware,Laptop,Finance,Ananya Das,Resolved,Chat,Mumbai,49,15.93,Within SLA,4.0
HD-00449,2025-03-19,16:21,2025-03-20,Low,Network,Wi-Fi,HR,Rahul Singh,Resolved,Phone,Chennai,73,23.4,Within SLA,5.0
HD-00450,2025-10-05,23:50,2025-10-06,Low,Network,VPN,Finance,Priya Patel,Resolved,Portal,Remote,71,18.47,Within SLA,5.0
HD-00451,2025-03-25,05:10,2025-03-25,Medium,Access,Password Reset,Operations,Priya Patel,Resolved,Chat,Delhi,44,11.92,Within SLA,4.0
HD-00452,2025-02-01,22:36,2025-02-02,Medium,Hardware,Monitor,IT,Ananya Das,Resolved,Phone,Remote,35,19.77,Within SLA,3.0
HD-00453,2025-01-05,23:10,2025-01-06,Critical,Access,Password Reset,Customer Support,Ananya Das,Resolved,Email,Delhi,21,13.03,Breached,3.0
HD-00454,2025-11-24,18:55,2025-11-25,Critical,Hardware,Desktop,Customer Support,Ananya Das,Closed,Phone,Pune,18,7.57,Breached,2.0
HD-00455,2025-02-11,22:58,2025-02-12,Low,Access,Email Access,Marketing,Rahul Singh,Closed,Email,Delhi,91,20.35,Within SLA,5.0
HD-00456,2025-04-28,13:51,2025-04-29,Medium,Hardware,Laptop,Management,Ananya Das,Closed,Portal,Pune,44,11.3,Within SLA,4.0
HD-00457,2025-08-01,06:52,,Low,Hardware,Monitor,HR,Vikram Shah,Open,Chat,Chennai,65,,Within SLA,
HD-00458,2025-10-30,16:22,2025-10-31,Medium,Security,Antivirus,Management,Vikram Shah,Closed,Portal,Pune,44,18.0,Within SLA,4.0
HD-00459,2025-09-24,04:09,2025-09-24,Medium,Access,Email Access,Sales,Amit Sharma,Resolved,Chat,Pune,40,12.33,Within SLA,4.0
HD-00460,2025-01-11,10:43,,High,Security,MFA,Customer Support,Priya Patel,Pending,Chat,Chennai,31,,At Risk,
HD-00461,2025-05-02,04:58,2025-05-03,Medium,Security,Phishing,IT,Priya Patel,Resolved,Phone,Bengaluru,37,21.5,Within SLA,3.0
HD-00462,2025-12-17,01:44,2025-12-17,Medium,Hardware,Monitor,Finance,Sneha Rao,Resolved,Chat,Kolkata,31,15.88,Within SLA,4.0
HD-00463,2025-07-12,21:52,2025-07-13,Medium,Security,MFA,Sales,Arjun Mehta,Resolved,Phone,Kolkata,36,12.65,Within SLA,4.0
HD-00464,2025-11-09,11:26,2025-11-10,Low,Security,Phishing,HR,Sneha Rao,Closed,Phone,Delhi,68,18.73,Within SLA,5.0
HD-00465,2025-11-16,21:48,2025-11-17,Medium,Network,LAN,Operations,Neha Verma,Resolved,Chat,Kolkata,45,17.03,Within SLA,4.0
HD-00466,2025-09-01,19:55,,High,Software,Update,Management,Neha Verma,Pending,Chat,Pune,35,,At Risk,
HD-00467,2025-08-08,20:35,2025-08-09,High,Hardware,Keyboard/Mouse,Marketing,Sneha Rao,Resolved,Chat,Bengaluru,82,14.63,Breached,1.0
HD-00468,2025-09-04,04:37,2025-09-04,Low,Access,Permission,IT,Rahul Singh,Resolved,Phone,Hyderabad,58,15.87,Within SLA,5.0
HD-00469,2025-06-30,06:16,2025-06-30,Medium,Access,Email Access,Finance,Neha Verma,Resolved,Portal,Pune,28,15.58,Within SLA,4.0
HD-00470,2025-11-28,02:04,2025-11-28,Low,Security,Security Alert,Finance,Amit Sharma,Closed,Email,Chennai,63,20.45,Within SLA,5.0
HD-00471,2025-11-23,03:36,,High,Software,Installation,HR,Priya Patel,Open,Phone,Remote,27,,At Risk,
HD-00472,2025-08-15,22:18,2025-08-16,High,Security,Antivirus,Customer Support,Neha Verma,Resolved,Portal,Delhi,67,8.3,Breached,2.0
HD-00473,2025-07-27,04:18,,Medium,Hardware,Printer,Customer Support,Ananya Das,Open,Portal,Pune,70,,At Risk,
HD-00474,2025-01-09,04:25,2025-01-09,Medium,Email,Email Delivery,Finance,Neha Verma,Resolved,Phone,Kolkata,72,16.7,Within SLA,4.0
HD-00475,2025-12-03,16:35,2025-12-04,Low,Access,Email Access,Finance,Vikram Shah,Resolved,Phone,Pune,80,30.85,Within SLA,4.0
HD-00476,2025-12-08,13:13,2025-12-09,High,Security,Security Alert,Finance,Arjun Mehta,Resolved,Email,Remote,23,13.05,Breached,2.0
HD-00477,2025-06-13,10:47,2025-06-14,Medium,Email,Spam,Management,Amit Sharma,Closed,Email,Bengaluru,54,13.33,Within SLA,4.0
HD-00478,2025-05-02,20:05,2025-05-03,Medium,Hardware,Desktop,Marketing,Rahul Singh,Resolved,Chat,Chennai,58,11.83,Within SLA,4.0
HD-00479,2025-05-08,05:16,,High,Software,Application Error,Customer Support,Sneha Rao,Open,Portal,Kolkata,112,,At Risk,
HD-00480,2025-06-05,17:54,,Medium,Email,Spam,Sales,Priya Patel,Pending,Phone,Bengaluru,31,,Within SLA,
HD-00481,2025-02-16,00:36,2025-02-16,Low,Software,Installation,IT,Arjun Mehta,Resolved,Chat,Kolkata,104,21.32,Within SLA,5.0
HD-00482,2025-06-08,15:43,2025-06-09,High,Hardware,Printer,IT,Neha Verma,Resolved,Chat,Hyderabad,43,8.37,Breached,3.0
HD-00483,2025-03-24,10:00,2025-03-24,High,Security,Security Alert,IT,Priya Patel,Resolved,Email,Mumbai,66,8.97,Breached,3.0
HD-00484,2025-11-08,13:29,,Medium,Security,Phishing,Finance,Arjun Mehta,Pending,Chat,Pune,50,,Within SLA,
HD-00485,2025-07-11,09:36,2025-07-11,Critical,Access,Account Lockout,HR,Sneha Rao,Resolved,Chat,Bengaluru,26,6.07,Breached,2.0
HD-00486,2025-04-20,21:03,2025-04-21,High,Network,Remote Access,IT,Sneha Rao,Resolved,Chat,Bengaluru,64,7.8,Within SLA,3.0
HD-00487,2025-06-19,11:49,2025-06-20,Low,Access,Password Reset,Management,Sneha Rao,Resolved,Chat,Remote,81,17.12,Within SLA,5.0
HD-00488,2025-04-16,22:36,,Medium,Security,Access Review,Marketing,Amit Sharma,Pending,Portal,Kolkata,35,,Within SLA,
HD-00489,2025-04-21,09:41,2025-04-21,Medium,Security,Phishing,Customer Support,Sneha Rao,Resolved,Email,Chennai,53,12.17,Within SLA,4.0
HD-00490,2025-10-13,04:21,,High,Email,Mailbox,Marketing,Amit Sharma,In Progress,Phone,Chennai,51,,At Risk,
HD-00491,2025-04-10,02:17,,Low,Access,Password Reset,Finance,Neha Verma,In Progress,Portal,Kolkata,53,,Within SLA,
HD-00492,2025-07-10,15:00,2025-07-11,High,Security,MFA,Sales,Sneha Rao,Resolved,Email,Chennai,31,10.23,Breached,2.0
HD-00493,2025-02-05,00:55,2025-02-05,High,Network,Remote Access,Sales,Vikram Shah,Resolved,Chat,Delhi,27,7.68,Within SLA,3.0
HD-00494,2025-03-02,05:21,2025-03-02,Critical,Email,Distribution List,HR,Arjun Mehta,Resolved,Chat,Kolkata,40,6.35,Breached,2.0
HD-00495,2025-04-25,18:05,2025-04-26,Medium,Email,Email Delivery,Finance,Priya Patel,Resolved,Chat,Kolkata,56,13.1,Within SLA,4.0
HD-00496,2025-02-01,18:08,2025-02-02,High,Hardware,Laptop,Management,Rahul Singh,Resolved,Portal,Kolkata,27,8.12,Breached,3.0
HD-00497,2025-06-24,17:49,2025-06-25,Medium,Network,Internet,Sales,Neha Verma,Closed,Portal,Delhi,77,11.75,Within SLA,4.0
HD-00498,2025-01-03,06:29,2025-01-04,Medium,Hardware,Desktop,Management,Ananya Das,Resolved,Chat,Remote,77,22.23,Within SLA,3.0
HD-00499,2025-02-04,00:49,2025-02-04,Low,Hardware,Desktop,HR,Amit Sharma,Resolved,Portal,Mumbai,80,18.72,Within SLA,5.0
HD-00500,2025-11-03,19:26,2025-11-04,Medium,Hardware,Printer,Management,Rahul Singh,Resolved,Chat,Kolkata,36,13.58,Within SLA,4.0
HD-00501,2025-08-16,06:42,2025-08-17,Low,Network,Remote Access,Customer Support,Amit Sharma,Resolved,Phone,Mumbai,88,18.73,Within SLA,5.0
HD-00502,2025-08-13,17:30,2025-08-14,Medium,Email,Spam,Finance,Ananya Das,Resolved,Chat,Remote,38,14.88,Within SLA,4.0
HD-00503,2025-09-09,18:35,2025-09-10,Medium,Access,Password Reset,Management,Sneha Rao,Resolved,Chat,Kolkata,39,13.58,Within SLA,4.0
HD-00504,2025-03-27,07:46,,Medium,Security,MFA,Management,Rahul Singh,Pending,Phone,Kolkata,91,,At Risk,
HD-00505,2025-11-07,14:15,2025-11-07,Critical,Software,Update,Marketing,Arjun Mehta,Resolved,Email,Remote,14,5.1,Breached,2.0
HD-00506,2025-04-28,22:14,2025-04-29,Low,Email,Email Delivery,Finance,Sneha Rao,Closed,Phone,Chennai,67,18.67,Within SLA,5.0
HD-00507,2025-03-30,00:54,,Low,Software,Operating System,IT,Sneha Rao,In Progress,Phone,Mumbai,85,,Within SLA,
HD-00508,2025-01-20,13:58,2025-01-20,High,Access,Email Access,HR,Priya Patel,Resolved,Email,Mumbai,25,8.68,Breached,3.0
HD-00509,2025-04-24,10:47,,High,Email,Outlook,HR,Rahul Singh,In Progress,Phone,Chennai,24,,At Risk,
HD-00510,2025-03-08,12:16,,Low,Network,LAN,Operations,Neha Verma,In Progress,Portal,Kolkata,55,,Within SLA,
HD-00511,2025-09-22,22:33,2025-09-23,Medium,Hardware,Monitor,Sales,Amit Sharma,Resolved,Email,Delhi,36,13.98,Within SLA,4.0
HD-00512,2025-01-15,09:44,,Medium,Security,Antivirus,Finance,Arjun Mehta,Open,Chat,Kolkata,152,,Within SLA,
HD-00513,2025-05-14,15:46,,Low,Network,Remote Access,Sales,Vikram Shah,Open,Chat,Hyderabad,76,,Within SLA,
HD-00514,2025-11-12,06:48,2025-11-12,High,Access,Account Lockout,IT,Priya Patel,Resolved,Email,Chennai,34,8.33,Breached,2.0
HD-00515,2025-07-22,11:12,,Medium,Security,Antivirus,Finance,Amit Sharma,In Progress,Phone,Hyderabad,37,,Within SLA,
HD-00516,2025-11-23,20:07,2025-11-24,Medium,Security,Access Review,Operations,Priya Patel,Resolved,Email,Delhi,46,13.55,Within SLA,4.0
HD-00517,2025-10-17,14:58,2025-10-17,Critical,Email,Distribution List,Marketing,Sneha Rao,Closed,Phone,Pune,55,5.35,Breached,3.0
HD-00518,2025-04-07,04:06,2025-04-07,Low,Email,Distribution List,Marketing,Sneha Rao,Resolved,Chat,Delhi,64,17.03,Within SLA,5.0
HD-00519,2025-02-20,12:16,2025-02-21,Medium,Access,Password Reset,Operations,Vikram Shah,Closed,Chat,Pune,57,12.1,Within SLA,4.0
HD-00520,2025-07-08,06:19,2025-07-08,High,Software,Update,HR,Neha Verma,Resolved,Chat,Remote,20,13.0,Breached,2.0
HD-00521,2025-08-11,01:14,2025-08-11,Medium,Email,Mailbox,HR,Sneha Rao,Resolved,Phone,Chennai,43,11.7,Within SLA,4.0
HD-00522,2025-01-19,21:27,2025-01-20,Critical,Network,Internet,Marketing,Rahul Singh,Resolved,Chat,Mumbai,11,6.63,Breached,3.0
HD-00523,2025-06-25,16:26,2025-06-25,High,Access,Email Access,Sales,Rahul Singh,Closed,Chat,Remote,16,7.32,Within SLA,3.0
HD-00524,2025-08-31,04:16,2025-08-31,Medium,Software,Operating System,Operations,Amit Sharma,Closed,Chat,Pune,111,16.67,Within SLA,4.0
HD-00525,2025-10-02,17:26,2025-10-03,Medium,Security,Phishing,HR,Neha Verma,Closed,Email,Hyderabad,44,16.57,Within SLA,4.0
HD-00526,2025-01-08,08:50,2025-01-08,Medium,Software,Installation,Management,Priya Patel,Closed,Phone,Kolkata,41,13.62,Within SLA,4.0
HD-00527,2025-01-10,08:13,2025-01-10,High,Network,LAN,IT,Priya Patel,Closed,Email,Delhi,27,12.42,Breached,2.0
HD-00528,2025-09-21,13:05,2025-09-22,Low,Email,Spam,Sales,Amit Sharma,Resolved,Email,Pune,60,18.28,Within SLA,5.0
HD-00529,2025-11-18,11:06,,High,Hardware,Desktop,Marketing,Neha Verma,Pending,Chat,Kolkata,26,,At Risk,
HD-00530,2025-01-12,05:25,2025-01-12,Medium,Software,Application Error,IT,Priya Patel,Resolved,Portal,Bengaluru,42,15.45,Within SLA,4.0
HD-00531,2025-02-25,06:57,,Medium,Software,Installation,Customer Support,Ananya Das,In Progress,Email,Mumbai,49,,Within SLA,
HD-00532,2025-09-22,02:02,2025-09-22,Medium,Network,VPN,IT,Amit Sharma,Resolved,Portal,Delhi,41,11.82,Within SLA,4.0
HD-00533,2025-04-19,12:44,2025-04-20,High,Software,Update,Operations,Sneha Rao,Resolved,Phone,Remote,40,11.52,Breached,2.0
HD-00534,2025-10-24,02:41,,Medium,Hardware,Laptop,Finance,Ananya Das,Pending,Email,Chennai,38,,Within SLA,
HD-00535,2025-11-12,07:10,2025-11-13,Medium,Hardware,Laptop,Management,Sneha Rao,Resolved,Portal,Remote,90,19.0,Within SLA,4.0
HD-00536,2025-03-16,09:01,2025-03-17,Low,Email,Spam,Marketing,Neha Verma,Resolved,Chat,Chennai,66,17.47,Within SLA,5.0
HD-00537,2025-07-14,07:22,2025-07-15,Medium,Email,Mailbox,Sales,Priya Patel,Resolved,Portal,Delhi,26,17.53,Within SLA,4.0
HD-00538,2025-09-22,08:24,,Medium,Access,Password Reset,Customer Support,Amit Sharma,In Progress,Phone,Kolkata,42,,Within SLA,
HD-00539,2025-07-20,21:11,2025-07-21,High,Security,Antivirus,Finance,Arjun Mehta,Resolved,Chat,Remote,29,14.03,Breached,2.0
HD-00540,2025-05-01,16:55,2025-05-02,Low,Security,Phishing,Finance,Ananya Das,Closed,Chat,Mumbai,72,18.28,Within SLA,5.0
HD-00541,2025-04-03,13:40,2025-04-03,Critical,Hardware,Printer,Marketing,Priya Patel,Closed,Chat,Delhi,29,4.13,Breached,1.0
HD-00542,2025-10-31,22:47,2025-11-01,Low,Access,Password Reset,IT,Vikram Shah,Closed,Email,Delhi,69,18.88,Within SLA,5.0
HD-00543,2025-10-20,00:48,,Medium,Email,Distribution List,Finance,Ananya Das,In Progress,Chat,Remote,90,,Within SLA,
HD-00544,2025-05-08,10:59,2025-05-09,Medium,Hardware,Laptop,Finance,Priya Patel,Closed,Portal,Bengaluru,36,17.07,Within SLA,4.0
HD-00545,2025-04-05,10:20,2025-04-06,Low,Hardware,Laptop,Sales,Arjun Mehta,Resolved,Chat,Chennai,57,18.4,Within SLA,5.0
HD-00546,2025-01-04,03:19,2025-01-04,Medium,Security,Antivirus,Finance,Neha Verma,Resolved,Email,Kolkata,33,16.73,Within SLA,4.0
HD-00547,2025-09-26,21:45,2025-09-27,Medium,Email,Distribution List,Operations,Arjun Mehta,Resolved,Chat,Chennai,39,12.02,Within SLA,4.0
HD-00548,2025-04-03,19:49,2025-04-04,Medium,Network,LAN,Marketing,Vikram Shah,Resolved,Portal,Mumbai,34,11.97,Within SLA,4.0
HD-00549,2025-10-25,07:16,,Medium,Hardware,Desktop,Marketing,Arjun Mehta,Open,Portal,Hyderabad,54,,Within SLA,
HD-00550,2025-01-09,08:19,2025-01-10,Low,Network,Wi-Fi,Finance,Rahul Singh,Resolved,Chat,Delhi,57,18.57,Within SLA,5.0
HD-00551,2025-03-08,13:11,,Critical,Email,Outlook,HR,Priya Patel,In Progress,Portal,Bengaluru,17,,At Risk,
HD-00552,2025-09-05,01:16,2025-09-05,Low,Hardware,Keyboard/Mouse,Marketing,Arjun Mehta,Resolved,Portal,Chennai,72,16.92,Within SLA,5.0
HD-00553,2025-08-15,20:02,2025-08-16,High,Software,Application Error,Management,Priya Patel,Closed,Portal,Kolkata,42,10.48,Breached,2.0
HD-00554,2025-10-04,16:51,2025-10-05,Medium,Security,Security Alert,Management,Ananya Das,Closed,Phone,Kolkata,78,14.2,Within SLA,4.0
HD-00555,2025-03-26,21:26,2025-03-27,Medium,Access,System Access,Sales,Sneha Rao,Resolved,Phone,Delhi,32,13.02,Within SLA,4.0
HD-00556,2025-06-30,16:28,2025-07-01,Medium,Network,LAN,Management,Ananya Das,Resolved,Chat,Kolkata,44,11.73,Within SLA,4.0
HD-00557,2025-04-14,03:48,2025-04-14,Medium,Network,Wi-Fi,IT,Priya Patel,Resolved,Phone,Hyderabad,37,13.42,Within SLA,4.0
HD-00558,2025-11-13,17:36,2025-11-14,High,Network,VPN,Sales,Arjun Mehta,Resolved,Email,Pune,18,8.95,Breached,3.0
HD-00559,2025-11-02,05:48,2025-11-02,Medium,Access,Email Access,Operations,Priya Patel,Resolved,Phone,Hyderabad,74,12.82,Within SLA,4.0
HD-00560,2025-01-12,16:35,2025-01-13,Medium,Email,Mailbox,IT,Amit Sharma,Resolved,Chat,Chennai,39,12.77,Within SLA,4.0
HD-00561,2025-07-28,18:49,2025-07-29,Medium,Email,Email Delivery,Finance,Rahul Singh,Closed,Portal,Chennai,47,12.03,Within SLA,4.0
HD-00562,2025-07-04,09:14,2025-07-05,Low,Email,Outlook,IT,Priya Patel,Closed,Portal,Delhi,69,18.83,Within SLA,5.0
HD-00563,2025-04-24,01:18,2025-04-24,Medium,Hardware,Monitor,Finance,Sneha Rao,Resolved,Email,Bengaluru,69,13.15,Within SLA,4.0
HD-00564,2025-06-01,01:40,2025-06-01,Critical,Software,Installation,Marketing,Arjun Mehta,Resolved,Chat,Remote,30,4.38,Breached,2.0
HD-00565,2025-04-17,23:17,,Low,Software,Operating System,HR,Vikram Shah,Pending,Portal,Chennai,93,,Within SLA,
HD-00566,2025-04-22,19:31,2025-04-23,Medium,Access,Permission,IT,Vikram Shah,Resolved,Portal,Kolkata,35,11.98,Within SLA,4.0
HD-00567,2025-06-02,20:09,2025-06-03,Medium,Hardware,Desktop,Sales,Arjun Mehta,Closed,Phone,Delhi,52,11.73,Within SLA,4.0
HD-00568,2025-08-03,16:41,2025-08-04,Low,Network,Wi-Fi,HR,Sneha Rao,Resolved,Chat,Remote,76,18.37,Within SLA,5.0
HD-00569,2025-03-17,11:58,2025-03-18,Medium,Hardware,Printer,HR,Rahul Singh,Resolved,Phone,Remote,30,17.13,Within SLA,4.0
HD-00570,2025-01-08,00:23,2025-01-08,Medium,Software,License,HR,Vikram Shah,Closed,Portal,Delhi,42,14.8,Within SLA,4.0
HD-00571,2025-01-19,13:07,2025-01-19,High,Email,Email Delivery,Customer Support,Arjun Mehta,Closed,Chat,Mumbai,21,8.88,Breached,1.0
HD-00572,2025-03-19,16:00,2025-03-20,Low,Access,Password Reset,Finance,Sneha Rao,Resolved,Portal,Delhi,79,17.38,Within SLA,5.0
HD-00573,2025-02-11,19:41,2025-02-12,High,Network,Remote Access,Marketing,Neha Verma,Resolved,Chat,Kolkata,24,8.45,Breached,2.0
HD-00574,2025-01-05,15:40,2025-01-06,Medium,Access,Account Lockout,HR,Arjun Mehta,Resolved,Phone,Mumbai,36,11.72,Within SLA,4.0
HD-00575,2025-12-25,03:44,2025-12-25,High,Software,License,HR,Sneha Rao,Resolved,Chat,Bengaluru,92,7.13,Within SLA,3.0
HD-00576,2025-07-07,05:46,2025-07-07,Low,Hardware,Keyboard/Mouse,Management,Vikram Shah,Resolved,Portal,Mumbai,123,16.98,Within SLA,5.0
HD-00577,2025-10-22,02:02,2025-10-22,Low,Hardware,Laptop,Sales,Sneha Rao,Resolved,Chat,Pune,60,16.55,Within SLA,5.0
HD-00578,2025-06-22,07:49,2025-06-22,High,Network,VPN,IT,Sneha Rao,Closed,Email,Kolkata,50,8.4,Breached,3.0
HD-00579,2025-04-07,10:40,2025-04-07,High,Security,Antivirus,Customer Support,Sneha Rao,Closed,Portal,Remote,19,8.72,Breached,3.0
HD-00580,2025-11-19,19:32,2025-11-20,High,Software,Installation,HR,Vikram Shah,Resolved,Chat,Pune,23,11.33,Breached,3.0
HD-00581,2025-06-24,02:11,2025-06-24,Critical,Software,License,Management,Priya Patel,Resolved,Phone,Kolkata,25,8.58,Breached,1.0
HD-00582,2025-11-15,07:15,2025-11-15,Critical,Access,Password Reset,Customer Support,Vikram Shah,Closed,Email,Pune,10,5.72,Breached,2.0
HD-00583,2025-04-20,23:51,2025-04-21,Medium,Email,Outlook,HR,Sneha Rao,Resolved,Portal,Remote,40,13.85,Within SLA,4.0
HD-00584,2025-10-16,05:44,2025-10-16,Medium,Access,Permission,HR,Vikram Shah,Resolved,Email,Delhi,46,14.08,Within SLA,4.0
HD-00585,2025-12-21,14:34,,High,Network,Remote Access,Management,Sneha Rao,Pending,Email,Kolkata,42,,At Risk,
HD-00586,2025-09-28,20:54,2025-09-29,Medium,Software,License,Management,Rahul Singh,Closed,Phone,Hyderabad,176,13.42,Within SLA,4.0
HD-00587,2025-12-16,21:53,2025-12-17,Low,Software,Operating System,Sales,Vikram Shah,Resolved,Phone,Pune,75,21.45,Within SLA,5.0
HD-00588,2025-10-20,05:27,2025-10-20,High,Security,Phishing,HR,Sneha Rao,Closed,Portal,Pune,60,10.88,Breached,3.0
HD-00589,2025-06-17,08:44,2025-06-18,Low,Network,VPN,Sales,Neha Verma,Resolved,Chat,Bengaluru,53,18.02,Within SLA,5.0
HD-00590,2025-10-19,05:43,2025-10-20,Low,Software,License,Customer Support,Ananya Das,Resolved,Email,Bengaluru,57,25.8,Within SLA,5.0
HD-00591,2025-01-17,06:09,2025-01-18,Low,Email,Email Delivery,Customer Support,Arjun Mehta,Closed,Chat,Remote,71,21.13,Within SLA,5.0
HD-00592,2025-05-03,10:05,,High,Network,LAN,Customer Support,Amit Sharma,In Progress,Phone,Chennai,22,,Within SLA,
HD-00593,2025-09-29,13:37,2025-09-30,High,Software,License,Management,Ananya Das,Resolved,Chat,Hyderabad,24,16.18,Breached,1.0
HD-00594,2025-08-24,15:26,,Medium,Security,Access Review,HR,Sneha Rao,Pending,Chat,Remote,54,,Within SLA,
HD-00595,2025-07-21,23:15,2025-07-22,High,Security,Access Review,Finance,Rahul Singh,Resolved,Chat,Delhi,45,13.43,Breached,2.0
HD-00596,2025-02-14,22:12,2025-02-15,Medium,Email,Mailbox,Marketing,Neha Verma,Resolved,Portal,Delhi,67,13.75,Within SLA,4.0
HD-00597,2025-10-07,07:11,,Medium,Access,Password Reset,Sales,Ananya Das,Open,Email,Chennai,52,,Within SLA,
HD-00598,2025-10-13,20:02,2025-10-14,High,Security,Access Review,Customer Support,Neha Verma,Resolved,Portal,Pune,41,7.63,Within SLA,3.0
HD-00599,2025-05-28,15:40,2025-05-29,Medium,Hardware,Printer,Finance,Neha Verma,Resolved,Chat,Kolkata,36,18.97,Within SLA,4.0
HD-00600,2025-08-22,15:28,,Medium,Hardware,Monitor,Finance,Ananya Das,In Progress,Phone,Bengaluru,39,,Within SLA,
HD-00601,2025-04-21,01:24,,Low,Security,Phishing,Operations,Arjun Mehta,Pending,Email,Pune,79,,Within SLA,
HD-00602,2025-10-01,11:03,,Critical,Hardware,Printer,Sales,Neha Verma,Pending,Portal,Mumbai,36,,At Risk,
HD-00603,2025-07-03,20:36,2025-07-04,Critical,Access,Email Access,HR,Arjun Mehta,Closed,Phone,Hyderabad,28,4.75,Breached,1.0
HD-00604,2025-11-27,00:48,2025-11-27,Critical,Network,LAN,Sales,Rahul Singh,Resolved,Chat,Remote,18,15.83,Breached,1.0
HD-00605,2025-05-21,16:11,,High,Email,Email Delivery,Sales,Vikram Shah,Pending,Chat,Bengaluru,39,,At Risk,
HD-00606,2025-03-08,23:41,2025-03-09,Medium,Access,Password Reset,Management,Vikram Shah,Resolved,Phone,Remote,43,14.55,Within SLA,4.0
HD-00607,2025-08-11,12:34,,Critical,Access,Permission,HR,Rahul Singh,Pending,Chat,Remote,35,,At Risk,
HD-00608,2025-10-05,04:48,2025-10-05,High,Email,Mailbox,Customer Support,Amit Sharma,Resolved,Chat,Remote,61,18.5,Breached,1.0
HD-00609,2025-09-13,18:25,2025-09-14,High,Software,Update,Sales,Amit Sharma,Resolved,Chat,Chennai,24,7.9,Within SLA,3.0
HD-00610,2025-11-27,16:05,,High,Hardware,Laptop,IT,Sneha Rao,Pending,Portal,Kolkata,39,,At Risk,
HD-00611,2025-07-27,10:11,2025-07-28,Medium,Email,Outlook,Operations,Sneha Rao,Closed,Portal,Delhi,37,15.18,Within SLA,4.0
HD-00612,2025-04-18,17:30,2025-04-19,Low,Email,Outlook,HR,Arjun Mehta,Closed,Phone,Kolkata,56,16.83,Within SLA,5.0
HD-00613,2025-04-15,14:59,2025-04-16,Critical,Security,Antivirus,Operations,Rahul Singh,Resolved,Chat,Bengaluru,42,11.95,Breached,2.0
HD-00614,2025-02-18,09:33,2025-02-19,Medium,Security,Access Review,Customer Support,Priya Patel,Resolved,Phone,Delhi,39,17.67,Within SLA,4.0
HD-00615,2025-01-04,19:55,2025-01-05,Low,Software,Operating System,HR,Priya Patel,Closed,Portal,Pune,77,18.03,Within SLA,5.0
HD-00616,2025-04-20,12:23,2025-04-21,Medium,Email,Email Delivery,Finance,Rahul Singh,Resolved,Phone,Kolkata,86,19.23,Within SLA,3.0
HD-00617,2025-12-09,13:01,2025-12-10,High,Access,System Access,Sales,Arjun Mehta,Closed,Email,Bengaluru,20,11.75,Breached,1.0
HD-00618,2025-09-21,09:25,2025-09-22,Medium,Security,Security Alert,Sales,Ananya Das,Resolved,Phone,Remote,36,17.45,Within SLA,4.0
HD-00619,2025-11-30,04:24,2025-11-30,Low,Network,LAN,Operations,Priya Patel,Closed,Email,Delhi,70,18.78,Within SLA,5.0
HD-00620,2025-10-11,19:31,,Low,Access,System Access,HR,Vikram Shah,Pending,Email,Hyderabad,102,,Within SLA,
HD-00621,2025-04-05,20:21,2025-04-06,Critical,Security,Access Review,Finance,Ananya Das,Resolved,Portal,Hyderabad,23,6.78,Breached,2.0
HD-00622,2025-05-28,05:25,2025-05-29,Low,Hardware,Printer,Marketing,Priya Patel,Resolved,Phone,Pune,73,27.97,Within SLA,5.0
HD-00623,2025-12-13,23:15,2025-12-14,Low,Access,System Access,Management,Amit Sharma,Closed,Phone,Mumbai,61,17.62,Within SLA,5.0
HD-00624,2025-02-09,08:32,2025-02-09,Medium,Software,Application Error,Sales,Vikram Shah,Resolved,Email,Remote,55,14.27,Within SLA,4.0
HD-00625,2025-05-22,13:20,2025-05-23,Medium,Software,Update,IT,Priya Patel,Resolved,Chat,Remote,39,11.33,Within SLA,4.0
HD-00626,2025-03-19,01:49,,Low,Network,Wi-Fi,Sales,Vikram Shah,Open,Chat,Chennai,58,,Within SLA,
HD-00627,2025-04-14,05:25,2025-04-14,Low,Access,System Access,Management,Rahul Singh,Resolved,Phone,Kolkata,64,17.08,Within SLA,5.0
HD-00628,2025-10-26,00:32,2025-10-26,Medium,Hardware,Printer,Customer Support,Amit Sharma,Resolved,Chat,Remote,43,13.23,Within SLA,4.0
HD-00629,2025-07-18,13:06,2025-07-19,Low,Network,Wi-Fi,IT,Neha Verma,Resolved,Chat,Hyderabad,76,23.72,Within SLA,5.0
HD-00630,2025-03-15,06:31,2025-03-15,Critical,Email,Mailbox,Marketing,Priya Patel,Resolved,Portal,Kolkata,22,6.87,Breached,3.0
HD-00631,2025-03-31,21:03,2025-04-01,Low,Access,Email Access,Finance,Vikram Shah,Resolved,Email,Pune,75,22.72,Within SLA,5.0
HD-00632,2025-01-01,04:59,,Low,Security,MFA,Marketing,Arjun Mehta,Open,Chat,Pune,57,,Within SLA,
HD-00633,2025-04-29,04:48,2025-04-29,Low,Security,Phishing,Sales,Sneha Rao,Closed,Phone,Chennai,73,18.0,Within SLA,5.0
HD-00634,2025-08-15,22:19,2025-08-16,Medium,Hardware,Desktop,HR,Amit Sharma,Closed,Portal,Hyderabad,46,11.37,Within SLA,4.0
HD-00635,2025-01-18,00:20,2025-01-18,Low,Access,System Access,IT,Sneha Rao,Closed,Phone,Remote,55,19.32,Within SLA,5.0
HD-00636,2025-07-15,16:24,,High,Software,Update,IT,Rahul Singh,Pending,Phone,Mumbai,33,,At Risk,
HD-00637,2025-06-20,00:04,2025-06-21,High,Access,System Access,Customer Support,Vikram Shah,Resolved,Phone,Hyderabad,24,33.68,Breached,3.0
HD-00638,2025-06-26,21:01,2025-06-27,Medium,Security,Access Review,IT,Arjun Mehta,Closed,Portal,Pune,46,12.32,Within SLA,4.0
HD-00639,2025-01-16,04:21,2025-01-16,Medium,Network,VPN,IT,Amit Sharma,Closed,Portal,Hyderabad,49,15.48,Within SLA,4.0
HD-00640,2025-06-08,14:01,2025-06-09,High,Network,Internet,Finance,Amit Sharma,Closed,Phone,Hyderabad,27,12.28,Breached,3.0
HD-00641,2025-05-29,08:19,2025-05-29,Critical,Network,Remote Access,Marketing,Ananya Das,Resolved,Portal,Chennai,40,9.28,Breached,1.0
HD-00642,2025-10-11,10:20,2025-10-12,High,Network,VPN,Management,Priya Patel,Resolved,Chat,Bengaluru,45,23.75,Breached,1.0
HD-00643,2025-09-09,11:44,2025-09-10,Medium,Network,VPN,Sales,Vikram Shah,Resolved,Portal,Delhi,41,15.9,Within SLA,4.0
HD-00644,2025-10-09,07:01,2025-10-10,Medium,Security,Phishing,HR,Vikram Shah,Resolved,Chat,Mumbai,55,25.28,Breached,1.0
HD-00645,2025-11-04,10:48,2025-11-05,Low,Security,MFA,HR,Neha Verma,Closed,Portal,Remote,59,17.4,Within SLA,5.0
HD-00646,2025-04-14,20:52,2025-04-15,Medium,Hardware,Laptop,Finance,Priya Patel,Resolved,Phone,Delhi,56,14.08,Within SLA,4.0
HD-00647,2025-09-12,12:26,2025-09-13,Medium,Security,Security Alert,HR,Ananya Das,Resolved,Portal,Delhi,67,12.22,Within SLA,4.0
HD-00648,2025-05-21,00:02,2025-05-21,High,Hardware,Laptop,Sales,Rahul Singh,Closed,Chat,Chennai,39,11.88,Breached,2.0
HD-00649,2025-05-16,07:11,,High,Network,LAN,Operations,Arjun Mehta,Open,Email,Mumbai,25,,At Risk,
HD-00650,2025-07-05,19:18,2025-07-06,High,Hardware,Keyboard/Mouse,Customer Support,Arjun Mehta,Resolved,Portal,Delhi,27,8.08,Breached,3.0
HD-00651,2025-11-05,03:58,2025-11-05,Medium,Software,Installation,Customer Support,Vikram Shah,Closed,Chat,Remote,62,15.27,Within SLA,4.0
HD-00652,2025-08-13,10:11,2025-08-13,High,Security,Antivirus,HR,Neha Verma,Resolved,Phone,Mumbai,52,10.35,Breached,1.0
HD-00653,2025-01-24,03:18,2025-01-24,High,Network,VPN,IT,Ananya Das,Resolved,Portal,Kolkata,43,8.78,Breached,3.0
HD-00654,2025-08-14,20:58,2025-08-15,Low,Email,Mailbox,Finance,Rahul Singh,Resolved,Phone,Bengaluru,52,21.8,Within SLA,5.0
HD-00655,2025-03-12,20:19,2025-03-13,Medium,Software,Update,IT,Ananya Das,Resolved,Chat,Chennai,55,12.92,Within SLA,4.0
HD-00656,2025-06-03,22:37,,High,Security,Security Alert,IT,Arjun Mehta,Pending,Portal,Kolkata,28,,At Risk,
HD-00657,2025-01-22,17:55,2025-01-23,Low,Software,Update,HR,Ananya Das,Closed,Chat,Chennai,63,17.03,Within SLA,5.0
HD-00658,2025-06-14,18:02,2025-06-15,Low,Hardware,Laptop,HR,Sneha Rao,Resolved,Phone,Mumbai,59,22.9,Within SLA,5.0
HD-00659,2025-03-20,08:13,2025-03-20,Medium,Hardware,Desktop,IT,Priya Patel,Resolved,Email,Remote,31,13.0,Within SLA,4.0
HD-00660,2025-03-17,16:26,,Medium,Access,Permission,Sales,Priya Patel,Open,Phone,Kolkata,44,,Within SLA,
HD-00661,2025-12-04,09:55,,High,Network,VPN,Sales,Ananya Das,Pending,Email,Delhi,26,,At Risk,
HD-00662,2025-10-07,01:24,2025-10-08,Low,Email,Distribution List,Operations,Ananya Das,Resolved,Portal,Chennai,74,29.65,Within SLA,4.0
HD-00663,2025-07-13,05:14,2025-07-13,Low,Hardware,Desktop,IT,Priya Patel,Resolved,Chat,Delhi,58,16.43,Within SLA,5.0
HD-00664,2025-05-18,05:37,2025-05-19,Low,Software,Operating System,IT,Ananya Das,Closed,Phone,Remote,59,19.87,Within SLA,5.0
HD-00665,2025-11-30,14:29,2025-12-01,Medium,Access,System Access,Sales,Ananya Das,Resolved,Phone,Chennai,55,17.7,Within SLA,4.0
HD-00666,2025-09-08,01:16,2025-09-08,Low,Software,Update,Finance,Rahul Singh,Resolved,Email,Pune,82,21.02,Within SLA,5.0
HD-00667,2025-07-01,22:37,2025-07-02,Medium,Access,Password Reset,HR,Rahul Singh,Closed,Email,Kolkata,35,14.27,Within SLA,4.0
HD-00668,2025-07-04,22:41,2025-07-05,Low,Access,Password Reset,Sales,Ananya Das,Resolved,Portal,Hyderabad,47,18.43,Within SLA,5.0
HD-00669,2025-07-03,20:29,2025-07-04,Low,Software,Application Error,Customer Support,Arjun Mehta,Resolved,Phone,Bengaluru,54,17.05,Within SLA,5.0
HD-00670,2025-12-05,09:00,2025-12-05,Medium,Software,License,Sales,Amit Sharma,Resolved,Email,Kolkata,53,13.37,Within SLA,4.0
HD-00671,2025-07-04,15:58,2025-07-05,Medium,Software,Operating System,Operations,Vikram Shah,Resolved,Email,Hyderabad,58,16.62,Within SLA,4.0
HD-00672,2025-02-28,10:49,2025-02-28,High,Software,Operating System,Operations,Priya Patel,Closed,Chat,Pune,45,6.7,Within SLA,3.0
HD-00673,2025-02-07,20:15,2025-02-08,Low,Security,Antivirus,Customer Support,Rahul Singh,Resolved,Chat,Hyderabad,69,25.95,Within SLA,5.0
HD-00674,2025-12-04,00:05,,Low,Access,Email Access,Customer Support,Vikram Shah,In Progress,Phone,Chennai,65,,Within SLA,
HD-00675,2025-06-19,06:39,2025-06-19,Medium,Security,Security Alert,IT,Priya Patel,Resolved,Email,Delhi,52,16.07,Within SLA,4.0
HD-00676,2025-11-09,23:15,2025-11-10,Low,Network,LAN,Marketing,Neha Verma,Resolved,Chat,Kolkata,54,17.9,Within SLA,5.0
HD-00677,2025-09-08,10:31,2025-09-09,High,Security,Security Alert,Finance,Sneha Rao,Resolved,Portal,Pune,39,15.92,Breached,3.0
HD-00678,2025-08-21,23:53,2025-08-22,Medium,Software,Update,Customer Support,Neha Verma,Closed,Chat,Hyderabad,42,20.47,Within SLA,3.0
HD-00679,2025-12-31,19:45,2026-01-01,Medium,Security,Antivirus,Customer Support,Sneha Rao,Resolved,Portal,Kolkata,51,11.63,Within SLA,4.0
HD-00680,2025-06-02,05:49,2025-06-02,High,Security,MFA,Sales,Sneha Rao,Resolved,Portal,Delhi,29,11.0,Breached,3.0
HD-00681,2025-07-31,03:23,2025-07-31,High,Hardware,Keyboard/Mouse,Customer Support,Amit Sharma,Closed,Portal,Remote,43,11.6,Breached,1.0
HD-00682,2025-07-27,22:27,,High,Security,Security Alert,IT,Amit Sharma,Pending,Phone,Delhi,44,,At Risk,
HD-00683,2025-06-28,07:22,2025-06-28,High,Hardware,Laptop,Sales,Arjun Mehta,Resolved,Phone,Bengaluru,33,14.37,Breached,2.0
HD-00684,2025-11-05,22:03,,Low,Hardware,Monitor,HR,Neha Verma,Open,Chat,Kolkata,74,,Within SLA,
HD-00685,2025-12-17,22:31,2025-12-18,Low,Email,Distribution List,Finance,Priya Patel,Resolved,Phone,Chennai,74,16.02,Within SLA,5.0
HD-00686,2025-12-26,20:22,2025-12-27,Low,Email,Email Delivery,Finance,Rahul Singh,Resolved,Portal,Chennai,58,16.42,Within SLA,5.0
HD-00687,2025-02-19,03:48,2025-02-19,Medium,Access,Account Lockout,HR,Sneha Rao,Closed,Phone,Remote,44,13.92,Within SLA,4.0
HD-00688,2025-03-09,04:05,,Low,Security,MFA,Customer Support,Priya Patel,In Progress,Phone,Bengaluru,104,,Within SLA,
HD-00689,2025-10-18,03:17,2025-10-18,Medium,Network,Remote Access,HR,Vikram Shah,Closed,Chat,Hyderabad,37,11.55,Within SLA,4.0
HD-00690,2025-08-16,22:01,2025-08-17,Medium,Email,Distribution List,Operations,Vikram Shah,Resolved,Email,Delhi,31,13.78,Within SLA,4.0
HD-00691,2025-09-13,03:15,2025-09-13,Medium,Software,License,HR,Amit Sharma,Closed,Phone,Mumbai,33,13.47,Within SLA,4.0
HD-00692,2025-01-26,17:21,2025-01-27,Medium,Email,Mailbox,Marketing,Priya Patel,Closed,Phone,Delhi,59,13.05,Within SLA,4.0
HD-00693,2025-03-18,22:53,2025-03-19,Low,Access,Email Access,Finance,Arjun Mehta,Resolved,Chat,Delhi,57,18.3,Within SLA,5.0
HD-00694,2025-04-21,16:44,2025-04-22,Low,Email,Email Delivery,Management,Arjun Mehta,Resolved,Portal,Kolkata,69,18.7,Within SLA,5.0
HD-00695,2025-06-11,04:48,2025-06-11,High,Network,Internet,Operations,Vikram Shah,Resolved,Email,Chennai,22,19.07,Breached,3.0
HD-00696,2025-12-20,14:12,,Low,Network,Remote Access,HR,Amit Sharma,In Progress,Portal,Mumbai,140,,Within SLA,
HD-00697,2025-10-09,05:10,2025-10-09,High,Network,Remote Access,Finance,Amit Sharma,Resolved,Phone,Mumbai,24,13.25,Breached,1.0
HD-00698,2025-12-26,04:18,2025-12-26,Low,Access,Password Reset,Sales,Sneha Rao,Closed,Portal,Kolkata,77,17.58,Within SLA,5.0
HD-00699,2025-07-10,08:05,2025-07-10,Critical,Network,LAN,Marketing,Priya Patel,Closed,Phone,Pune,13,4.98,Breached,1.0
HD-00700,2025-09-27,21:32,,Low,Access,Password Reset,Marketing,Amit Sharma,In Progress,Portal,Remote,60,,Within SLA,
HD-00701,2025-07-24,22:00,2025-07-25,Medium,Network,Internet,Management,Rahul Singh,Resolved,Email,Bengaluru,74,16.62,Within SLA,4.0
HD-00702,2025-04-18,21:38,2025-04-19,Medium,Security,MFA,HR,Rahul Singh,Closed,Chat,Delhi,53,11.98,Within SLA,4.0
HD-00703,2025-02-28,11:52,2025-03-01,Medium,Access,System Access,Operations,Amit Sharma,Resolved,Chat,Pune,32,18.13,Within SLA,4.0
HD-00704,2025-03-15,13:47,2025-03-16,Medium,Email,Spam,Management,Vikram Shah,Closed,Email,Mumbai,39,12.53,Within SLA,4.0
HD-00705,2025-08-29,20:52,2025-08-30,Medium,Access,Email Access,Customer Support,Priya Patel,Resolved,Portal,Pune,36,17.57,Within SLA,4.0
HD-00706,2025-04-22,20:09,2025-04-23,High,Hardware,Desktop,Management,Arjun Mehta,Resolved,Portal,Bengaluru,23,7.6,Within SLA,3.0
HD-00707,2025-05-10,17:36,2025-05-11,Low,Network,Wi-Fi,Sales,Amit Sharma,Closed,Phone,Remote,66,24.9,Within SLA,5.0
HD-00708,2025-03-06,23:23,2025-03-07,High,Hardware,Laptop,IT,Sneha Rao,Closed,Chat,Remote,32,7.93,Within SLA,3.0
HD-00709,2025-10-03,19:08,2025-10-04,Medium,Email,Distribution List,Management,Priya Patel,Resolved,Phone,Mumbai,42,20.62,Within SLA,3.0
HD-00710,2025-01-13,00:03,,Low,Security,Security Alert,Operations,Neha Verma,Pending,Email,Hyderabad,64,,Within SLA,
HD-00711,2025-07-31,14:59,2025-08-01,High,Access,System Access,Sales,Arjun Mehta,Resolved,Phone,Chennai,29,10.65,Breached,3.0
HD-00712,2025-02-17,18:04,2025-02-18,Medium,Access,System Access,Operations,Arjun Mehta,Resolved,Email,Mumbai,55,16.78,Within SLA,4.0
HD-00713,2025-04-28,22:10,2025-04-29,Medium,Hardware,Printer,Finance,Ananya Das,Resolved,Email,Hyderabad,47,13.07,Within SLA,4.0
HD-00714,2025-09-14,10:00,,High,Hardware,Printer,Sales,Sneha Rao,Pending,Phone,Bengaluru,40,,At Risk,
HD-00715,2025-12-23,14:48,2025-12-24,Low,Software,Application Error,Management,Sneha Rao,Resolved,Portal,Kolkata,60,17.77,Within SLA,5.0
HD-00716,2025-09-21,16:01,2025-09-22,High,Email,Mailbox,Marketing,Arjun Mehta,Closed,Portal,Kolkata,28,11.5,Breached,3.0
HD-00717,2025-03-13,05:09,2025-03-13,Medium,Access,Password Reset,Sales,Ananya Das,Resolved,Phone,Chennai,41,14.05,Within SLA,4.0
HD-00718,2025-08-06,01:24,2025-08-06,Low,Access,Password Reset,Sales,Arjun Mehta,Resolved,Portal,Chennai,69,16.75,Within SLA,5.0
HD-00719,2025-06-02,11:51,2025-06-03,Low,Security,Phishing,Management,Ananya Das,Resolved,Email,Delhi,108,18.67,Within SLA,5.0
HD-00720,2025-04-23,20:22,2025-04-24,Medium,Security,MFA,Finance,Priya Patel,Resolved,Email,Hyderabad,206,15.42,Within SLA,4.0
HD-00721,2025-09-01,23:36,2025-09-02,Medium,Hardware,Monitor,Marketing,Priya Patel,Resolved,Email,Mumbai,76,13.28,Within SLA,4.0
HD-00722,2025-01-10,13:48,2025-01-11,High,Access,Email Access,Finance,Priya Patel,Resolved,Phone,Kolkata,25,13.6,Breached,3.0
HD-00723,2025-09-22,14:22,2025-09-23,Medium,Security,Access Review,HR,Vikram Shah,Resolved,Portal,Mumbai,85,11.08,Within SLA,4.0
HD-00724,2025-08-01,07:26,2025-08-02,Low,Access,Permission,IT,Priya Patel,Closed,Chat,Chennai,59,17.12,Within SLA,5.0
HD-00725,2025-06-14,23:43,2025-06-15,Low,Network,LAN,HR,Vikram Shah,Resolved,Email,Pune,81,17.28,Within SLA,5.0
HD-00726,2025-05-18,18:17,2025-05-19,Critical,Access,Email Access,IT,Amit Sharma,Resolved,Portal,Chennai,41,14.58,Breached,3.0
HD-00727,2025-01-25,09:01,,Low,Software,License,Operations,Ananya Das,In Progress,Portal,Pune,58,,Within SLA,
HD-00728,2025-10-03,03:42,2025-10-03,High,Security,Access Review,IT,Rahul Singh,Closed,Phone,Chennai,20,10.48,Breached,2.0
HD-00729,2025-10-23,02:52,,Low,Security,Antivirus,HR,Rahul Singh,Pending,Chat,Kolkata,56,,Within SLA,
HD-00730,2025-09-03,04:05,,High,Software,License,HR,Ananya Das,Pending,Chat,Bengaluru,35,,At Risk,
HD-00731,2025-04-22,02:32,2025-04-22,Low,Security,Antivirus,Customer Support,Neha Verma,Closed,Email,Mumbai,73,18.45,Within SLA,5.0
HD-00732,2025-08-01,06:30,2025-08-01,High,Network,VPN,Management,Neha Verma,Resolved,Portal,Remote,15,9.75,Breached,1.0
HD-00733,2025-08-10,00:53,2025-08-10,Low,Email,Spam,HR,Priya Patel,Resolved,Chat,Hyderabad,68,22.45,Within SLA,5.0
HD-00734,2025-11-18,14:54,2025-11-19,Medium,Security,MFA,HR,Rahul Singh,Closed,Phone,Delhi,34,15.38,Within SLA,4.0
HD-00735,2025-08-29,06:11,2025-08-30,Low,Security,Phishing,Management,Arjun Mehta,Resolved,Email,Mumbai,59,21.35,Within SLA,5.0
HD-00736,2025-08-01,11:13,2025-08-02,High,Network,Wi-Fi,Marketing,Ananya Das,Resolved,Email,Mumbai,21,16.32,Breached,1.0
HD-00737,2025-04-16,01:19,2025-04-16,High,Hardware,Laptop,Management,Neha Verma,Resolved,Phone,Kolkata,20,8.93,Breached,1.0
HD-00738,2025-08-03,13:38,2025-08-04,Medium,Access,Email Access,Sales,Vikram Shah,Resolved,Chat,Bengaluru,29,19.02,Within SLA,4.0
HD-00739,2025-05-14,06:09,2025-05-14,Medium,Hardware,Desktop,Marketing,Priya Patel,Resolved,Email,Hyderabad,118,14.7,Within SLA,4.0
HD-00740,2025-11-08,09:00,2025-11-09,Low,Security,Antivirus,Finance,Priya Patel,Resolved,Email,Bengaluru,60,27.77,Within SLA,5.0
HD-00741,2025-04-24,13:29,,Low,Access,Email Access,HR,Priya Patel,Pending,Email,Pune,52,,Within SLA,
HD-00742,2025-04-28,13:32,2025-04-28,Critical,Email,Spam,Marketing,Arjun Mehta,Resolved,Phone,Delhi,31,6.07,Breached,3.0
HD-00743,2025-03-31,12:45,,Medium,Email,Mailbox,HR,Sneha Rao,Pending,Portal,Mumbai,64,,Within SLA,
HD-00744,2025-07-13,18:09,2025-07-14,High,Network,Internet,Customer Support,Arjun Mehta,Resolved,Email,Mumbai,39,14.68,Breached,1.0
HD-00745,2025-03-29,04:00,,Low,Software,Operating System,Finance,Arjun Mehta,Pending,Email,Chennai,52,,Within SLA,
HD-00746,2025-03-26,02:20,2025-03-26,High,Network,Remote Access,Customer Support,Vikram Shah,Closed,Email,Delhi,34,18.98,Breached,2.0
HD-00747,2025-03-05,03:03,2025-03-05,Critical,Access,Account Lockout,Sales,Amit Sharma,Resolved,Phone,Pune,17,6.33,Breached,3.0
HD-00748,2025-04-17,12:22,,Medium,Security,MFA,Finance,Priya Patel,In Progress,Phone,Chennai,67,,Within SLA,
HD-00749,2025-09-05,16:11,,High,Software,Operating System,Finance,Priya Patel,Pending,Phone,Chennai,31,,At Risk,
HD-00750,2025-07-12,05:04,2025-07-13,Low,Security,Antivirus,Sales,Amit Sharma,Closed,Portal,Delhi,55,19.08,Within SLA,5.0
HD-00751,2025-08-03,22:08,2025-08-04,High,Hardware,Printer,IT,Amit Sharma,Closed,Phone,Mumbai,29,9.95,Breached,1.0
HD-00752,2025-03-21,05:48,2025-03-21,Medium,Network,LAN,HR,Vikram Shah,Resolved,Phone,Bengaluru,49,13.65,Within SLA,4.0
HD-00753,2025-02-28,06:41,2025-02-28,High,Hardware,Laptop,Marketing,Sneha Rao,Resolved,Phone,Hyderabad,40,13.77,Breached,3.0
HD-00754,2025-10-12,16:28,2025-10-13,Low,Email,Email Delivery,Management,Ananya Das,Resolved,Phone,Pune,102,16.73,Within SLA,5.0
HD-00755,2025-05-21,13:45,2025-05-22,Low,Network,Wi-Fi,Marketing,Ananya Das,Resolved,Chat,Chennai,68,18.33,Within SLA,5.0
HD-00756,2025-03-31,11:00,2025-03-31,Medium,Access,Account Lockout,Sales,Neha Verma,Closed,Chat,Bengaluru,59,12.18,Within SLA,4.0
HD-00757,2025-07-16,03:10,2025-07-16,Critical,Email,Outlook,Marketing,Rahul Singh,Resolved,Chat,Mumbai,20,10.02,Breached,1.0
HD-00758,2025-02-19,02:06,,High,Access,Password Reset,Sales,Priya Patel,Open,Portal,Kolkata,28,,At Risk,
HD-00759,2025-02-16,05:26,,Medium,Network,Remote Access,HR,Amit Sharma,Pending,Email,Chennai,99,,Within SLA,
HD-00760,2025-10-22,05:54,2025-10-22,Medium,Software,Installation,HR,Rahul Singh,Closed,Email,Chennai,43,11.22,Within SLA,4.0
HD-00761,2025-04-19,11:15,2025-04-19,Critical,Hardware,Desktop,IT,Ananya Das,Closed,Phone,Mumbai,68,11.8,Breached,2.0
HD-00762,2025-05-30,03:46,2025-05-30,Medium,Software,Installation,Finance,Neha Verma,Closed,Chat,Pune,48,13.42,Within SLA,4.0
HD-00763,2025-04-17,08:27,2025-04-18,Medium,Software,Installation,IT,Arjun Mehta,Closed,Email,Hyderabad,35,31.03,Breached,1.0
HD-00764,2025-08-21,09:24,2025-08-21,High,Email,Distribution List,Marketing,Amit Sharma,Resolved,Chat,Mumbai,30,8.1,Breached,1.0
HD-00765,2025-10-06,03:56,,High,Hardware,Monitor,Customer Support,Ananya Das,Open,Phone,Delhi,22,,At Risk,
HD-00766,2025-07-16,22:08,2025-07-17,Medium,Access,System Access,HR,Sneha Rao,Resolved,Email,Kolkata,58,12.05,Within SLA,4.0
HD-00767,2025-11-22,07:19,2025-11-23,High,Hardware,Laptop,Marketing,Rahul Singh,Closed,Chat,Hyderabad,27,22.75,Breached,2.0
HD-00768,2025-02-21,04:23,2025-02-22,Low,Hardware,Keyboard/Mouse,Marketing,Amit Sharma,Resolved,Chat,Delhi,79,21.33,Within SLA,5.0
HD-00769,2025-04-02,03:42,2025-04-02,Medium,Access,System Access,Sales,Arjun Mehta,Closed,Portal,Pune,44,15.72,Within SLA,4.0
HD-00770,2025-04-25,17:29,2025-04-26,Low,Hardware,Printer,Customer Support,Ananya Das,Closed,Phone,Hyderabad,54,18.58,Within SLA,5.0
HD-00771,2025-09-28,16:13,2025-09-29,Medium,Software,Operating System,Management,Vikram Shah,Resolved,Portal,Mumbai,46,16.78,Within SLA,4.0
HD-00772,2025-05-04,08:25,2025-05-04,Medium,Access,Email Access,Customer Support,Arjun Mehta,Resolved,Email,Pune,31,11.8,Within SLA,4.0
HD-00773,2025-03-27,22:45,2025-03-28,Medium,Software,Update,Marketing,Priya Patel,Closed,Phone,Bengaluru,54,18.77,Within SLA,4.0
HD-00774,2025-09-12,08:24,2025-09-13,Low,Software,License,Marketing,Rahul Singh,Resolved,Chat,Hyderabad,57,18.62,Within SLA,5.0
HD-00775,2025-04-07,14:05,2025-04-07,Critical,Hardware,Laptop,HR,Vikram Shah,Resolved,Chat,Mumbai,21,9.73,Breached,2.0
HD-00776,2025-10-19,05:43,2025-10-20,Low,Access,Email Access,Sales,Arjun Mehta,Resolved,Email,Delhi,107,19.08,Within SLA,5.0
HD-00777,2025-11-19,10:30,2025-11-20,Medium,Software,Application Error,Customer Support,Neha Verma,Resolved,Phone,Chennai,55,14.28,Within SLA,4.0
HD-00778,2025-09-12,18:50,2025-09-13,Medium,Access,Permission,Customer Support,Priya Patel,Closed,Portal,Kolkata,40,14.73,Within SLA,4.0
HD-00779,2025-01-07,16:25,2025-01-07,Critical,Security,Security Alert,Operations,Priya Patel,Closed,Chat,Hyderabad,24,5.38,Breached,1.0
HD-00780,2025-11-11,10:46,2025-11-12,Medium,Hardware,Laptop,Sales,Neha Verma,Resolved,Chat,Hyderabad,33,15.3,Within SLA,4.0
HD-00781,2025-10-23,09:08,2025-10-24,Low,Access,Permission,Customer Support,Arjun Mehta,Resolved,Phone,Bengaluru,82,22.93,Within SLA,5.0
HD-00782,2025-03-23,06:06,2025-03-24,High,Access,System Access,Management,Sneha Rao,Resolved,Portal,Chennai,32,18.27,Breached,1.0
HD-00783,2025-06-15,07:49,2025-06-15,Medium,Access,Account Lockout,Finance,Rahul Singh,Resolved,Email,Bengaluru,74,16.05,Within SLA,4.0
HD-00784,2025-02-24,07:38,2025-02-24,High,Email,Outlook,Customer Support,Amit Sharma,Resolved,Phone,Delhi,44,11.52,Breached,3.0
HD-00785,2025-03-06,10:43,2025-03-07,Low,Email,Mailbox,Operations,Arjun Mehta,Resolved,Chat,Remote,55,16.2,Within SLA,5.0
HD-00786,2025-07-04,00:47,2025-07-04,Low,Access,Account Lockout,Sales,Ananya Das,Resolved,Email,Mumbai,52,19.78,Within SLA,5.0
HD-00787,2025-01-24,17:33,2025-01-25,Medium,Email,Mailbox,HR,Sneha Rao,Closed,Portal,Chennai,65,15.15,Within SLA,4.0
HD-00788,2025-08-31,12:46,2025-09-01,High,Network,Remote Access,Marketing,Priya Patel,Closed,Portal,Delhi,27,12.83,Breached,2.0
HD-00789,2025-08-12,13:30,2025-08-13,High,Email,Distribution List,IT,Ananya Das,Resolved,Portal,Bengaluru,26,21.63,Breached,1.0
HD-00790,2025-03-06,00:13,2025-03-06,Medium,Hardware,Printer,HR,Amit Sharma,Resolved,Portal,Remote,43,16.6,Within SLA,4.0
HD-00791,2025-06-02,17:19,,Medium,Access,Email Access,Operations,Arjun Mehta,Open,Phone,Delhi,119,,Within SLA,
HD-00792,2025-11-03,09:41,,Medium,Hardware,Keyboard/Mouse,Customer Support,Sneha Rao,Open,Portal,Mumbai,38,,Within SLA,
HD-00793,2025-12-24,12:40,2025-12-25,Critical,Access,Permission,Sales,Amit Sharma,Resolved,Portal,Remote,14,14.45,Breached,1.0
HD-00794,2025-08-24,15:32,2025-08-25,Medium,Security,MFA,Management,Vikram Shah,Resolved,Email,Pune,29,14.13,Within SLA,4.0
HD-00795,2025-06-26,12:04,2025-06-27,Medium,Access,System Access,HR,Amit Sharma,Closed,Phone,Mumbai,72,12.1,Within SLA,4.0
HD-00796,2025-10-03,23:11,,Low,Hardware,Keyboard/Mouse,IT,Neha Verma,In Progress,Email,Chennai,84,,Within SLA,
HD-00797,2025-07-20,12:38,,Low,Security,Security Alert,Customer Support,Amit Sharma,In Progress,Email,Hyderabad,67,,Within SLA,
HD-00798,2025-04-18,00:05,2025-04-18,Medium,Security,Access Review,Customer Support,Rahul Singh,Resolved,Email,Pune,39,15.78,Within SLA,4.0
HD-00799,2025-08-08,21:15,2025-08-09,Critical,Hardware,Laptop,HR,Rahul Singh,Resolved,Email,Bengaluru,30,8.98,Breached,3.0
HD-00800,2025-04-06,19:42,2025-04-07,Medium,Security,Antivirus,Sales,Arjun Mehta,Closed,Email,Kolkata,37,13.45,Within SLA,4.0
HD-00801,2025-03-15,02:34,2025-03-15,Medium,Software,Installation,IT,Arjun Mehta,Resolved,Chat,Pune,39,18.52,Within SLA,4.0
HD-00802,2025-11-19,03:30,2025-11-19,Medium,Software,Application Error,Customer Support,Rahul Singh,Resolved,Portal,Kolkata,29,14.62,Within SLA,4.0
HD-00803,2025-11-05,11:21,2025-11-06,Medium,Email,Mailbox,IT,Neha Verma,Resolved,Chat,Pune,28,13.0,Within SLA,4.0
HD-00804,2025-08-16,21:33,,Medium,Email,Outlook,Finance,Sneha Rao,Open,Email,Chennai,31,,Within SLA,
HD-00805,2025-02-08,22:00,2025-02-09,Low,Network,Internet,Sales,Ananya Das,Resolved,Portal,Mumbai,75,25.08,Within SLA,5.0
HD-00806,2025-07-03,22:00,2025-07-04,High,Network,Internet,Operations,Ananya Das,Resolved,Chat,Pune,52,8.1,Breached,2.0
HD-00807,2025-08-13,06:34,2025-08-14,Medium,Hardware,Desktop,Sales,Arjun Mehta,Resolved,Portal,Bengaluru,69,30.05,Breached,2.0
HD-00808,2025-06-03,18:55,2025-06-04,Low,Hardware,Desktop,Marketing,Rahul Singh,Resolved,Phone,Pune,60,17.45,Within SLA,5.0
HD-00809,2025-09-23,21:59,2025-09-24,Medium,Network,Wi-Fi,Management,Rahul Singh,Resolved,Phone,Delhi,66,25.85,Breached,1.0
HD-00810,2025-05-31,12:27,2025-06-01,Low,Software,Operating System,Operations,Arjun Mehta,Closed,Chat,Kolkata,58,22.6,Within SLA,5.0
HD-00811,2025-04-02,07:49,2025-04-02,Medium,Network,Remote Access,Finance,Vikram Shah,Resolved,Email,Hyderabad,36,14.03,Within SLA,4.0
HD-00812,2025-09-12,00:08,2025-09-12,Low,Software,License,IT,Vikram Shah,Resolved,Chat,Mumbai,62,17.37,Within SLA,5.0
HD-00813,2025-09-12,17:08,2025-09-13,High,Hardware,Desktop,Operations,Rahul Singh,Resolved,Chat,Remote,48,10.1,Breached,2.0
HD-00814,2025-04-11,10:47,,High,Hardware,Keyboard/Mouse,Management,Sneha Rao,In Progress,Chat,Chennai,23,,At Risk,
HD-00815,2025-08-27,15:44,2025-08-28,High,Access,Email Access,Finance,Ananya Das,Resolved,Phone,Mumbai,33,23.97,Breached,2.0
HD-00816,2025-06-15,07:50,2025-06-16,Medium,Network,Wi-Fi,IT,Rahul Singh,Resolved,Phone,Chennai,42,17.82,Within SLA,4.0
HD-00817,2025-06-03,20:59,2025-06-04,Low,Hardware,Keyboard/Mouse,HR,Rahul Singh,Resolved,Portal,Remote,74,22.77,Within SLA,5.0
HD-00818,2025-06-28,00:46,2025-06-28,Low,Network,Internet,Finance,Rahul Singh,Resolved,Email,Kolkata,77,20.6,Within SLA,5.0
HD-00819,2025-06-05,15:09,2025-06-06,Low,Security,MFA,HR,Vikram Shah,Closed,Email,Hyderabad,72,20.65,Within SLA,5.0
HD-00820,2025-08-11,15:52,,Medium,Access,Permission,Sales,Arjun Mehta,Open,Email,Kolkata,51,,Within SLA,
HD-00821,2025-06-10,21:47,2025-06-11,Medium,Network,Internet,Management,Sneha Rao,Resolved,Email,Hyderabad,52,17.12,Within SLA,4.0
HD-00822,2025-08-25,15:14,2025-08-26,High,Email,Outlook,Operations,Vikram Shah,Resolved,Chat,Mumbai,18,10.48,Breached,1.0
HD-00823,2025-09-19,08:41,2025-09-19,Medium,Access,Password Reset,HR,Ananya Das,Resolved,Phone,Delhi,74,13.2,Within SLA,4.0
HD-00824,2025-09-19,22:48,,Medium,Software,Update,Sales,Sneha Rao,Pending,Chat,Kolkata,47,,Within SLA,
HD-00825,2025-11-26,23:28,,Low,Access,Account Lockout,Marketing,Priya Patel,Open,Phone,Bengaluru,62,,Within SLA,
HD-00826,2025-10-27,05:34,2025-10-27,Medium,Hardware,Printer,Customer Support,Neha Verma,Closed,Chat,Remote,127,17.8,Within SLA,4.0
HD-00827,2025-02-08,04:26,2025-02-08,Medium,Security,Security Alert,Customer Support,Vikram Shah,Closed,Portal,Mumbai,30,13.47,Within SLA,4.0
HD-00828,2025-08-10,02:19,,Medium,Security,Phishing,Operations,Amit Sharma,Open,Chat,Hyderabad,34,,Within SLA,
HD-00829,2025-12-30,22:47,2025-12-31,High,Software,License,Sales,Arjun Mehta,Resolved,Email,Mumbai,32,10.5,Breached,3.0
HD-00830,2025-11-22,09:33,2025-11-22,Medium,Software,Installation,Management,Priya Patel,Closed,Email,Mumbai,40,14.27,Within SLA,4.0
HD-00831,2025-11-01,02:29,,Medium,Network,Remote Access,HR,Amit Sharma,In Progress,Chat,Remote,106,,Within SLA,
HD-00832,2025-12-27,03:54,,Medium,Security,Security Alert,Customer Support,Priya Patel,In Progress,Email,Bengaluru,66,,At Risk,
HD-00833,2025-05-23,07:41,2025-05-24,Medium,Network,VPN,Marketing,Ananya Das,Resolved,Portal,Pune,48,20.82,Within SLA,3.0
HD-00834,2025-04-06,01:02,2025-04-06,High,Network,Internet,Management,Sneha Rao,Closed,Chat,Pune,45,8.58,Breached,1.0
HD-00835,2025-12-08,19:47,2025-12-09,Medium,Network,Internet,IT,Rahul Singh,Closed,Phone,Remote,50,16.65,Within SLA,4.0
HD-00836,2025-08-24,21:50,2025-08-25,Medium,Access,Permission,Marketing,Amit Sharma,Resolved,Portal,Pune,31,14.85,Within SLA,4.0
HD-00837,2025-07-20,17:05,2025-07-21,Medium,Email,Mailbox,Operations,Rahul Singh,Resolved,Phone,Chennai,71,14.37,Within SLA,4.0
HD-00838,2025-09-17,17:09,2025-09-18,Critical,Network,VPN,IT,Neha Verma,Resolved,Portal,Bengaluru,101,8.83,Breached,2.0
HD-00839,2025-08-10,03:16,2025-08-10,High,Hardware,Keyboard/Mouse,Marketing,Neha Verma,Resolved,Phone,Mumbai,22,7.52,Within SLA,3.0
HD-00840,2025-07-27,16:16,2025-07-28,High,Email,Email Delivery,Finance,Ananya Das,Resolved,Portal,Hyderabad,63,11.62,Breached,3.0
HD-00841,2025-10-06,14:28,2025-10-07,Medium,Hardware,Keyboard/Mouse,IT,Arjun Mehta,Closed,Email,Hyderabad,34,12.92,Within SLA,4.0
HD-00842,2025-10-23,19:22,2025-10-24,Medium,Access,Password Reset,Finance,Sneha Rao,Resolved,Email,Hyderabad,42,11.52,Within SLA,4.0
HD-00843,2025-08-21,08:30,2025-08-21,Medium,Email,Email Delivery,Customer Support,Priya Patel,Closed,Chat,Hyderabad,63,13.9,Within SLA,4.0
HD-00844,2025-09-03,02:32,2025-09-03,Low,Email,Outlook,IT,Arjun Mehta,Resolved,Phone,Hyderabad,78,20.27,Within SLA,5.0
HD-00845,2025-10-21,20:08,2025-10-22,Critical,Access,Password Reset,Operations,Ananya Das,Resolved,Chat,Bengaluru,58,5.57,Breached,1.0
HD-00846,2025-03-17,04:26,2025-03-17,High,Software,Installation,IT,Arjun Mehta,Resolved,Phone,Remote,23,10.93,Breached,1.0
HD-00847,2025-03-16,12:40,,High,Software,Installation,Sales,Sneha Rao,In Progress,Chat,Kolkata,29,,At Risk,
HD-00848,2025-05-10,14:30,2025-05-11,High,Security,MFA,Management,Arjun Mehta,Closed,Chat,Kolkata,20,11.43,Breached,2.0
HD-00849,2025-10-25,21:24,2025-10-26,Medium,Security,Antivirus,Marketing,Arjun Mehta,Resolved,Phone,Chennai,41,15.77,Within SLA,4.0
HD-00850,2025-11-06,17:00,2025-11-07,Low,Email,Outlook,IT,Priya Patel,Resolved,Email,Hyderabad,237,21.12,Within SLA,5.0
HD-00851,2025-08-24,14:53,2025-08-25,Medium,Hardware,Laptop,Finance,Sneha Rao,Resolved,Phone,Chennai,36,15.7,Within SLA,4.0
HD-00852,2025-08-07,04:41,,Low,Software,License,IT,Arjun Mehta,In Progress,Email,Bengaluru,76,,Within SLA,
HD-00853,2025-03-13,12:18,2025-03-14,Medium,Software,Operating System,Operations,Sneha Rao,Resolved,Portal,Pune,33,13.58,Within SLA,4.0
HD-00854,2025-01-19,15:40,,High,Hardware,Keyboard/Mouse,Operations,Amit Sharma,Pending,Chat,Mumbai,52,,At Risk,
HD-00855,2025-05-10,14:47,2025-05-11,Medium,Security,Phishing,HR,Priya Patel,Closed,Portal,Delhi,42,23.88,Within SLA,3.0
HD-00856,2025-06-30,20:46,2025-07-01,Medium,Security,Antivirus,Operations,Priya Patel,Resolved,Portal,Chennai,96,13.85,Within SLA,4.0
HD-00857,2025-08-31,05:12,2025-08-31,High,Hardware,Laptop,Marketing,Sneha Rao,Resolved,Chat,Bengaluru,19,9.15,Breached,3.0
HD-00858,2025-03-19,19:13,2025-03-20,High,Email,Spam,Sales,Neha Verma,Resolved,Portal,Hyderabad,19,8.37,Breached,1.0
HD-00859,2025-05-08,04:09,,High,Software,Installation,Marketing,Arjun Mehta,Pending,Portal,Kolkata,47,,Within SLA,
HD-00860,2025-03-19,03:26,2025-03-20,Low,Access,System Access,HR,Priya Patel,Resolved,Portal,Delhi,78,26.58,Within SLA,5.0
HD-00861,2025-03-23,16:23,2025-03-23,Critical,Email,Spam,Management,Arjun Mehta,Resolved,Email,Remote,22,6.58,Breached,1.0
HD-00862,2025-06-18,14:33,2025-06-18,Critical,Security,MFA,Marketing,Priya Patel,Resolved,Chat,Remote,40,5.1,Breached,1.0
HD-00863,2025-01-24,18:15,2025-01-25,Medium,Software,License,Operations,Vikram Shah,Resolved,Portal,Kolkata,114,12.67,Within SLA,4.0
HD-00864,2025-07-13,05:33,2025-07-14,Low,Access,Permission,IT,Sneha Rao,Resolved,Email,Mumbai,54,20.67,Within SLA,5.0
HD-00865,2025-03-03,10:16,,Low,Network,VPN,HR,Vikram Shah,Pending,Email,Delhi,65,,Within SLA,
HD-00866,2025-11-29,19:01,2025-11-30,Medium,Security,Phishing,IT,Ananya Das,Resolved,Chat,Pune,51,17.03,Within SLA,4.0
HD-00867,2025-07-05,13:19,2025-07-06,Medium,Email,Mailbox,Sales,Neha Verma,Resolved,Portal,Bengaluru,31,12.55,Within SLA,4.0
HD-00868,2025-03-13,16:50,2025-03-14,High,Network,Internet,Management,Arjun Mehta,Resolved,Portal,Chennai,45,15.4,Breached,1.0
HD-00869,2025-11-05,10:25,2025-11-06,Low,Software,Application Error,Sales,Amit Sharma,Resolved,Portal,Bengaluru,52,22.35,Within SLA,5.0
HD-00870,2025-12-04,16:34,2025-12-04,High,Email,Outlook,Management,Neha Verma,Closed,Chat,Pune,23,6.82,Within SLA,3.0
HD-00871,2025-04-10,03:25,2025-04-10,Medium,Access,System Access,Management,Priya Patel,Resolved,Phone,Pune,37,12.57,Within SLA,4.0
HD-00872,2025-02-13,03:52,2025-02-13,Low,Security,MFA,Sales,Sneha Rao,Resolved,Phone,Remote,95,15.63,Within SLA,5.0
HD-00873,2025-07-18,09:58,2025-07-19,Low,Security,Antivirus,Finance,Neha Verma,Closed,Phone,Bengaluru,68,19.88,Within SLA,5.0
HD-00874,2025-09-27,09:42,2025-09-28,Critical,Email,Mailbox,Operations,Rahul Singh,Closed,Email,Bengaluru,42,15.42,Breached,2.0
HD-00875,2025-11-30,07:53,2025-12-01,Low,Hardware,Monitor,IT,Vikram Shah,Resolved,Chat,Remote,69,30.25,Within SLA,4.0
HD-00876,2025-01-26,22:45,2025-01-27,Low,Access,Account Lockout,Sales,Ananya Das,Resolved,Portal,Hyderabad,56,20.15,Within SLA,5.0
HD-00877,2025-05-17,02:01,2025-05-17,Low,Network,VPN,Customer Support,Priya Patel,Resolved,Portal,Hyderabad,94,18.55,Within SLA,5.0
HD-00878,2025-09-02,02:28,2025-09-02,Medium,Software,Operating System,IT,Priya Patel,Resolved,Chat,Bengaluru,39,20.85,Within SLA,3.0
HD-00879,2025-12-13,01:48,2025-12-13,Medium,Security,Security Alert,Customer Support,Rahul Singh,Resolved,Chat,Pune,52,11.38,Within SLA,4.0
HD-00880,2025-09-16,05:24,,Medium,Security,Security Alert,Customer Support,Amit Sharma,In Progress,Email,Pune,50,,Within SLA,
HD-00881,2025-05-19,12:19,2025-05-20,Low,Hardware,Monitor,Marketing,Ananya Das,Closed,Portal,Kolkata,82,23.23,Within SLA,5.0
HD-00882,2025-07-21,13:07,2025-07-21,High,Security,Security Alert,Finance,Priya Patel,Resolved,Email,Delhi,46,9.9,Breached,3.0
HD-00883,2025-01-16,11:34,2025-01-17,Medium,Access,Email Access,Finance,Vikram Shah,Resolved,Chat,Mumbai,30,13.43,Within SLA,4.0
HD-00884,2025-06-10,01:27,,High,Security,Security Alert,IT,Sneha Rao,Pending,Phone,Chennai,24,,Within SLA,
HD-00885,2025-09-04,12:49,,Medium,Software,Installation,Operations,Vikram Shah,In Progress,Phone,Bengaluru,62,,Within SLA,
HD-00886,2025-11-21,18:16,2025-11-22,Critical,Network,Internet,HR,Priya Patel,Closed,Chat,Chennai,47,7.38,Breached,2.0
HD-00887,2025-12-14,21:16,2025-12-15,Medium,Software,Installation,Operations,Amit Sharma,Closed,Email,Hyderabad,51,14.83,Within SLA,4.0
HD-00888,2025-09-28,03:47,2025-09-28,Low,Hardware,Laptop,Customer Support,Arjun Mehta,Closed,Portal,Chennai,50,17.63,Within SLA,5.0
HD-00889,2025-02-01,22:16,2025-02-02,Medium,Software,Operating System,Finance,Neha Verma,Resolved,Portal,Pune,30,13.17,Within SLA,4.0
HD-00890,2025-02-26,11:00,2025-02-27,Low,Software,Application Error,Management,Ananya Das,Resolved,Chat,Hyderabad,101,31.1,Within SLA,4.0
HD-00891,2025-05-31,08:04,,High,Security,MFA,IT,Vikram Shah,Open,Phone,Chennai,56,,At Risk,
HD-00892,2025-12-23,07:31,2025-12-24,High,Email,Outlook,Operations,Priya Patel,Closed,Portal,Chennai,43,18.38,Breached,3.0
HD-00893,2025-11-21,21:48,2025-11-22,Low,Email,Outlook,Management,Vikram Shah,Resolved,Email,Bengaluru,63,25.47,Within SLA,5.0
HD-00894,2025-10-02,07:16,2025-10-03,Low,Security,MFA,HR,Arjun Mehta,Closed,Phone,Mumbai,66,17.52,Within SLA,5.0
HD-00895,2025-07-29,02:12,,Medium,Network,Internet,Marketing,Vikram Shah,Open,Portal,Chennai,66,,Within SLA,
HD-00896,2025-01-25,17:03,2025-01-26,Medium,Security,Antivirus,Marketing,Neha Verma,Resolved,Portal,Bengaluru,40,13.13,Within SLA,4.0
HD-00897,2025-09-24,03:57,2025-09-25,Medium,Access,Email Access,Management,Rahul Singh,Resolved,Phone,Bengaluru,35,20.48,Within SLA,3.0
HD-00898,2025-03-13,16:17,2025-03-14,Medium,Software,Installation,Operations,Priya Patel,Closed,Phone,Remote,45,12.05,Within SLA,4.0
HD-00899,2025-03-07,10:39,2025-03-08,Low,Email,Email Delivery,Finance,Sneha Rao,Resolved,Chat,Pune,107,16.8,Within SLA,5.0
HD-00900,2025-03-12,14:22,2025-03-13,Medium,Network,Wi-Fi,Sales,Sneha Rao,Closed,Portal,Remote,59,22.23,Within SLA,3.0
HD-00901,2025-02-16,17:07,,High,Network,Internet,HR,Sneha Rao,Open,Portal,Bengaluru,33,,At Risk,
HD-00902,2025-06-23,23:03,2025-06-24,Critical,Security,Access Review,HR,Sneha Rao,Resolved,Portal,Chennai,65,6.92,Breached,3.0
HD-00903,2025-10-02,19:39,2025-10-03,High,Email,Email Delivery,HR,Sneha Rao,Resolved,Chat,Hyderabad,23,9.78,Breached,2.0
HD-00904,2025-01-10,06:09,,Medium,Network,Remote Access,Management,Vikram Shah,Pending,Phone,Remote,105,,Within SLA,
HD-00905,2025-01-17,04:02,2025-01-18,Low,Hardware,Printer,Sales,Sneha Rao,Resolved,Email,Mumbai,61,22.87,Within SLA,5.0
HD-00906,2025-03-11,05:47,,Medium,Security,Phishing,Marketing,Priya Patel,Open,Chat,Bengaluru,51,,Within SLA,
HD-00907,2025-09-06,17:09,,Medium,Hardware,Monitor,Marketing,Priya Patel,Open,Phone,Mumbai,40,,Within SLA,
HD-00908,2025-12-23,08:29,2025-12-23,High,Hardware,Desktop,Sales,Neha Verma,Closed,Phone,Kolkata,172,10.07,Breached,2.0
HD-00909,2025-05-27,11:07,2025-05-27,Medium,Software,Operating System,IT,Amit Sharma,Closed,Chat,Mumbai,41,11.92,Within SLA,4.0
HD-00910,2025-02-14,18:28,,Low,Access,Password Reset,Sales,Sneha Rao,Pending,Portal,Pune,93,,Within SLA,
HD-00911,2025-11-29,05:54,2025-11-29,Medium,Hardware,Laptop,Customer Support,Neha Verma,Resolved,Email,Remote,45,14.38,Within SLA,4.0
HD-00912,2025-01-15,18:28,2025-01-16,High,Software,Application Error,HR,Neha Verma,Resolved,Chat,Chennai,19,12.5,Breached,1.0
HD-00913,2025-10-09,12:39,2025-10-10,Medium,Email,Email Delivery,Sales,Sneha Rao,Resolved,Phone,Bengaluru,31,13.9,Within SLA,4.0
HD-00914,2025-04-24,07:49,,Medium,Software,Installation,Marketing,Sneha Rao,Open,Chat,Mumbai,34,,Within SLA,
HD-00915,2025-02-25,16:14,2025-02-26,Medium,Network,Wi-Fi,HR,Priya Patel,Closed,Chat,Mumbai,41,12.52,Within SLA,4.0
HD-00916,2025-05-29,01:09,2025-05-29,Low,Hardware,Monitor,HR,Neha Verma,Resolved,Email,Delhi,89,20.12,Within SLA,5.0
HD-00917,2025-09-24,06:20,2025-09-25,Medium,Access,Account Lockout,Management,Arjun Mehta,Resolved,Phone,Remote,72,17.77,Within SLA,4.0
HD-00918,2025-04-22,09:45,2025-04-22,Medium,Software,Operating System,IT,Rahul Singh,Resolved,Phone,Mumbai,40,11.95,Within SLA,4.0
HD-00919,2025-11-27,18:16,,Low,Access,Account Lockout,Operations,Neha Verma,Open,Chat,Kolkata,65,,Within SLA,
HD-00920,2025-05-12,04:32,2025-05-12,Medium,Access,Account Lockout,Marketing,Neha Verma,Closed,Portal,Hyderabad,59,13.33,Within SLA,4.0
HD-00921,2025-11-04,14:42,2025-11-05,Medium,Security,MFA,Marketing,Vikram Shah,Resolved,Portal,Remote,50,15.2,Within SLA,4.0
HD-00922,2025-03-26,08:14,2025-03-26,Medium,Software,Operating System,Customer Support,Rahul Singh,Closed,Chat,Mumbai,37,11.65,Within SLA,4.0
HD-00923,2025-08-07,18:55,2025-08-08,High,Security,Security Alert,Marketing,Rahul Singh,Resolved,Chat,Chennai,46,15.1,Breached,3.0
HD-00924,2025-07-26,01:26,,High,Hardware,Laptop,HR,Priya Patel,Pending,Email,Mumbai,52,,At Risk,
HD-00925,2025-03-24,17:24,2025-03-25,Medium,Hardware,Printer,Operations,Ananya Das,Closed,Chat,Chennai,39,19.03,Within SLA,4.0
HD-00926,2025-03-01,00:54,2025-03-01,Low,Hardware,Keyboard/Mouse,Customer Support,Rahul Singh,Closed,Chat,Pune,72,18.5,Within SLA,5.0
HD-00927,2025-02-22,15:52,,High,Access,Email Access,Management,Rahul Singh,Pending,Email,Chennai,36,,At Risk,
HD-00928,2025-12-10,22:25,2025-12-11,Medium,Hardware,Printer,HR,Rahul Singh,Closed,Portal,Pune,31,11.47,Within SLA,4.0
HD-00929,2025-11-02,11:25,,Low,Email,Outlook,Finance,Vikram Shah,Open,Portal,Chennai,58,,Within SLA,
HD-00930,2025-07-10,03:29,,Medium,Software,Application Error,Marketing,Arjun Mehta,Pending,Phone,Remote,39,,Within SLA,
HD-00931,2025-01-13,04:25,,Low,Email,Email Delivery,Finance,Arjun Mehta,Open,Chat,Hyderabad,64,,Within SLA,
HD-00932,2025-05-11,08:20,2025-05-12,Medium,Email,Outlook,Customer Support,Sneha Rao,Closed,Portal,Chennai,47,15.9,Within SLA,4.0
HD-00933,2025-07-17,14:16,2025-07-18,High,Hardware,Desktop,HR,Neha Verma,Resolved,Email,Bengaluru,37,19.43,Breached,2.0
HD-00934,2025-09-03,01:22,,High,Security,Phishing,HR,Amit Sharma,Pending,Portal,Hyderabad,51,,At Risk,
HD-00935,2025-06-18,03:34,2025-06-18,High,Software,Installation,Finance,Priya Patel,Closed,Chat,Chennai,46,12.95,Breached,3.0
HD-00936,2025-09-20,14:15,,Medium,Hardware,Monitor,Sales,Amit Sharma,Pending,Email,Bengaluru,47,,Within SLA,
HD-00937,2025-06-03,06:34,2025-06-03,Medium,Email,Spam,Customer Support,Arjun Mehta,Resolved,Portal,Kolkata,40,15.98,Within SLA,4.0
HD-00938,2025-03-04,15:05,2025-03-05,Low,Hardware,Monitor,Operations,Amit Sharma,Closed,Chat,Delhi,94,16.85,Within SLA,5.0
HD-00939,2025-12-22,03:32,2025-12-22,Medium,Security,Access Review,HR,Arjun Mehta,Resolved,Phone,Remote,61,12.9,Within SLA,4.0
HD-00940,2025-08-01,00:18,2025-08-01,Critical,Software,Installation,Sales,Amit Sharma,Resolved,Phone,Kolkata,17,6.0,Breached,2.0
HD-00941,2025-03-01,07:07,,Low,Access,Email Access,Finance,Rahul Singh,Pending,Phone,Kolkata,73,,Within SLA,
HD-00942,2025-08-19,06:34,2025-08-19,Critical,Software,Application Error,Finance,Vikram Shah,Resolved,Chat,Bengaluru,16,10.77,Breached,1.0
HD-00943,2025-07-08,22:49,2025-07-09,Medium,Access,Email Access,Customer Support,Rahul Singh,Resolved,Chat,Mumbai,62,11.95,Within SLA,4.0
HD-00944,2025-07-11,22:34,2025-07-12,High,Access,Email Access,Finance,Arjun Mehta,Closed,Portal,Chennai,43,7.85,Within SLA,3.0
HD-00945,2025-11-10,10:56,2025-11-11,Medium,Software,License,Management,Priya Patel,Resolved,Email,Remote,98,20.6,Within SLA,3.0
HD-00946,2025-04-19,22:44,2025-04-20,Medium,Email,Spam,Marketing,Rahul Singh,Closed,Phone,Hyderabad,65,12.37,Within SLA,4.0
HD-00947,2025-12-12,20:35,2025-12-13,Low,Email,Email Delivery,Customer Support,Rahul Singh,Closed,Phone,Delhi,59,17.03,Within SLA,5.0
HD-00948,2025-03-17,00:35,2025-03-17,High,Network,VPN,Operations,Amit Sharma,Resolved,Chat,Hyderabad,20,12.12,Breached,2.0
HD-00949,2025-05-05,06:56,2025-05-06,Medium,Network,Remote Access,Marketing,Neha Verma,Closed,Email,Pune,53,17.17,Within SLA,4.0
HD-00950,2025-11-04,01:56,2025-11-04,Medium,Security,Phishing,IT,Arjun Mehta,Resolved,Portal,Bengaluru,41,14.08,Within SLA,4.0
HD-00951,2025-03-02,23:08,2025-03-03,Medium,Network,Wi-Fi,IT,Ananya Das,Closed,Phone,Hyderabad,43,14.93,Within SLA,4.0
HD-00952,2025-05-03,10:31,2025-05-03,High,Access,System Access,Finance,Vikram Shah,Resolved,Phone,Kolkata,48,11.7,Breached,3.0
HD-00953,2025-01-16,07:03,2025-01-16,High,Hardware,Desktop,Management,Priya Patel,Resolved,Email,Bengaluru,45,7.35,Within SLA,3.0
HD-00954,2025-05-19,16:14,2025-05-20,Medium,Access,Permission,HR,Ananya Das,Closed,Chat,Mumbai,51,18.5,Within SLA,4.0
HD-00955,2025-02-14,18:11,2025-02-15,High,Network,VPN,Marketing,Amit Sharma,Closed,Email,Mumbai,45,8.48,Breached,2.0
HD-00956,2025-10-21,14:05,2025-10-22,Medium,Access,Password Reset,IT,Ananya Das,Closed,Email,Kolkata,32,15.2,Within SLA,4.0
HD-00957,2025-12-15,23:21,2025-12-16,High,Access,Account Lockout,Sales,Amit Sharma,Closed,Phone,Pune,33,7.92,Within SLA,3.0
HD-00958,2025-05-10,21:37,2025-05-11,Low,Network,LAN,HR,Arjun Mehta,Resolved,Chat,Mumbai,77,17.22,Within SLA,5.0
HD-00959,2025-02-11,10:47,2025-02-12,High,Software,Installation,IT,Neha Verma,Resolved,Phone,Chennai,38,13.47,Breached,3.0
HD-00960,2025-05-31,21:45,,High,Access,Email Access,Sales,Ananya Das,In Progress,Chat,Pune,28,,At Risk,
HD-00961,2025-06-14,08:11,,High,Network,Wi-Fi,IT,Vikram Shah,In Progress,Email,Pune,53,,At Risk,
HD-00962,2025-01-12,19:02,2025-01-13,High,Access,Account Lockout,Finance,Priya Patel,Resolved,Email,Hyderabad,102,10.85,Breached,3.0
HD-00963,2025-03-01,12:48,,Low,Access,Email Access,Finance,Amit Sharma,In Progress,Chat,Kolkata,69,,Within SLA,
HD-00964,2025-07-06,02:11,,Low,Network,Wi-Fi,IT,Neha Verma,In Progress,Portal,Remote,81,,Within SLA,
HD-00965,2025-11-04,13:38,2025-11-05,Low,Security,Phishing,IT,Sneha Rao,Resolved,Email,Chennai,66,20.97,Within SLA,5.0
HD-00966,2025-08-02,23:54,2025-08-04,Medium,Network,Internet,Customer Support,Rahul Singh,Resolved,Chat,Chennai,39,28.47,Breached,2.0
HD-00967,2025-09-20,10:04,,Medium,Network,LAN,HR,Arjun Mehta,Pending,Portal,Chennai,52,,Within SLA,
HD-00968,2025-12-12,12:59,,Low,Email,Mailbox,Operations,Rahul Singh,In Progress,Portal,Hyderabad,56,,Within SLA,
HD-00969,2025-08-12,11:43,2025-08-13,Low,Email,Mailbox,Marketing,Sneha Rao,Resolved,Chat,Delhi,85,27.52,Within SLA,5.0
HD-00970,2025-11-15,04:59,2025-11-15,Medium,Email,Spam,Customer Support,Priya Patel,Resolved,Portal,Remote,75,14.22,Within SLA,4.0
HD-00971,2025-09-27,21:17,2025-09-28,Critical,Software,Operating System,IT,Neha Verma,Resolved,Email,Hyderabad,9,5.37,Breached,1.0
HD-00972,2025-06-13,20:33,2025-06-14,Critical,Security,Security Alert,Finance,Arjun Mehta,Resolved,Phone,Kolkata,17,19.25,Breached,3.0
HD-00973,2025-01-17,06:18,2025-01-17,Medium,Hardware,Monitor,Operations,Sneha Rao,Closed,Email,Pune,65,14.72,Within SLA,4.0
HD-00974,2025-09-25,10:08,2025-09-25,Medium,Network,LAN,Finance,Vikram Shah,Closed,Email,Remote,34,12.45,Within SLA,4.0
HD-00975,2025-11-19,14:01,2025-11-20,High,Hardware,Monitor,Customer Support,Sneha Rao,Resolved,Portal,Remote,19,13.45,Breached,2.0
HD-00976,2025-02-06,21:01,2025-02-07,Low,Software,Update,Finance,Ananya Das,Resolved,Email,Bengaluru,76,16.33,Within SLA,5.0
HD-00977,2025-09-29,03:51,2025-09-29,Medium,Software,Operating System,IT,Rahul Singh,Closed,Email,Pune,39,14.38,Within SLA,4.0
HD-00978,2025-05-31,09:55,2025-05-31,High,Security,Antivirus,Customer Support,Amit Sharma,Resolved,Phone,Bengaluru,70,10.38,Breached,3.0
HD-00979,2025-12-21,01:14,2025-12-21,Low,Software,Installation,Sales,Amit Sharma,Resolved,Chat,Remote,69,20.32,Within SLA,5.0
HD-00980,2025-07-03,22:48,2025-07-04,Low,Access,System Access,Customer Support,Priya Patel,Resolved,Email,Delhi,93,16.15,Within SLA,5.0
HD-00981,2025-12-19,02:16,2025-12-19,High,Software,Application Error,Finance,Rahul Singh,Closed,Email,Bengaluru,29,8.47,Breached,3.0
HD-00982,2025-01-16,10:33,2025-01-17,Low,Software,License,Sales,Vikram Shah,Resolved,Email,Chennai,76,22.03,Within SLA,5.0
HD-00983,2025-01-04,10:33,2025-01-04,Medium,Software,License,Marketing,Ananya Das,Closed,Portal,Hyderabad,44,11.98,Within SLA,4.0
HD-00984,2025-09-01,12:20,2025-09-02,Medium,Hardware,Desktop,Sales,Rahul Singh,Resolved,Email,Remote,29,18.15,Within SLA,4.0
HD-00985,2025-03-29,12:20,2025-03-29,High,Access,Password Reset,Customer Support,Amit Sharma,Resolved,Phone,Kolkata,27,7.52,Within SLA,3.0
HD-00986,2025-11-03,23:41,2025-11-04,Medium,Access,Account Lockout,Marketing,Arjun Mehta,Resolved,Chat,Delhi,29,13.53,Within SLA,4.0
HD-00987,2025-06-30,09:31,2025-07-01,Medium,Network,Internet,Operations,Arjun Mehta,Resolved,Chat,Remote,106,16.37,Within SLA,4.0
HD-00988,2025-08-11,21:57,2025-08-12,Low,Network,Wi-Fi,Management,Sneha Rao,Closed,Email,Pune,70,24.1,Within SLA,5.0
HD-00989,2025-04-03,23:30,2025-04-04,Medium,Network,Internet,Marketing,Sneha Rao,Resolved,Chat,Pune,39,12.17,Within SLA,4.0
HD-00990,2025-05-21,09:18,2025-05-21,High,Email,Spam,Marketing,Ananya Das,Closed,Portal,Delhi,82,6.93,Within SLA,3.0
HD-00991,2025-11-19,11:47,2025-11-20,Medium,Security,Security Alert,Operations,Neha Verma,Closed,Chat,Remote,76,13.55,Within SLA,4.0
HD-00992,2025-01-28,23:33,,Medium,Access,System Access,Customer Support,Amit Sharma,In Progress,Email,Hyderabad,35,,Within SLA,
HD-00993,2025-11-15,21:44,2025-11-16,Medium,Email,Outlook,Marketing,Arjun Mehta,Closed,Email,Kolkata,44,14.07,Within SLA,4.0
HD-00994,2025-02-24,06:21,2025-02-25,Low,Network,Wi-Fi,Finance,Priya Patel,Closed,Phone,Delhi,51,19.85,Within SLA,5.0
HD-00995,2025-05-12,02:42,2025-05-12,Critical,Security,MFA,IT,Vikram Shah,Resolved,Portal,Hyderabad,40,12.42,Breached,1.0
HD-00996,2025-02-28,21:58,2025-03-01,Low,Email,Spam,Marketing,Rahul Singh,Closed,Chat,Hyderabad,72,17.58,Within SLA,5.0
HD-00997,2025-06-07,19:56,2025-06-08,Low,Access,System Access,Sales,Rahul Singh,Resolved,Portal,Pune,59,20.62,Within SLA,5.0
HD-00998,2025-05-31,04:20,2025-05-31,Medium,Software,Application Error,HR,Vikram Shah,Resolved,Chat,Remote,54,16.35,Within SLA,4.0
HD-00999,2025-12-06,20:57,2025-12-07,Medium,Network,Wi-Fi,Management,Vikram Shah,Resolved,Chat,Hyderabad,61,16.43,Within SLA,4.0
HD-01000,2025-11-03,01:20,2025-11-03,Medium,Software,License,Operations,Vikram Shah,Closed,Phone,Hyderabad,67,17.25,Within SLA,4.0
HD-01001,2025-09-08,16:17,2025-09-09,Medium,Access,Password Reset,Customer Support,Sneha Rao,Resolved,Phone,Kolkata,42,13.87,Within SLA,4.0
HD-01002,2025-05-16,05:44,,Low,Network,Internet,Management,Rahul Singh,Open,Portal,Hyderabad,78,,Within SLA,
HD-01003,2025-10-23,10:20,2025-10-24,Low,Security,Antivirus,HR,Amit Sharma,Closed,Phone,Delhi,61,17.22,Within SLA,5.0
HD-01004,2025-12-05,06:23,,High,Software,Operating System,IT,Rahul Singh,Open,Email,Hyderabad,41,,At Risk,
HD-01005,2025-06-14,09:06,2025-06-15,High,Software,Application Error,Marketing,Priya Patel,Resolved,Email,Delhi,54,15.03,Breached,2.0
HD-01006,2025-10-08,20:47,2025-10-09,Low,Email,Mailbox,Marketing,Amit Sharma,Closed,Phone,Bengaluru,67,19.52,Within SLA,5.0
HD-01007,2025-02-22,09:49,2025-02-23,Low,Access,Account Lockout,Sales,Neha Verma,Resolved,Phone,Pune,63,20.98,Within SLA,5.0
HD-01008,2025-08-24,08:25,2025-08-24,High,Hardware,Monitor,Sales,Amit Sharma,Closed,Phone,Remote,32,11.52,Breached,3.0
HD-01009,2025-07-01,05:12,2025-07-01,Critical,Email,Spam,Customer Support,Arjun Mehta,Resolved,Chat,Bengaluru,27,4.98,Breached,2.0
HD-01010,2025-11-23,23:30,2025-11-24,Medium,Email,Outlook,Customer Support,Vikram Shah,Resolved,Phone,Chennai,43,11.1,Within SLA,4.0
HD-01011,2025-10-19,09:44,2025-10-20,Low,Email,Mailbox,IT,Vikram Shah,Resolved,Portal,Bengaluru,57,19.38,Within SLA,5.0
HD-01012,2025-06-30,16:01,,Medium,Software,Operating System,Sales,Vikram Shah,Pending,Email,Hyderabad,39,,Within SLA,
HD-01013,2025-09-11,18:25,,High,Hardware,Keyboard/Mouse,IT,Sneha Rao,Pending,Chat,Mumbai,60,,At Risk,
HD-01014,2025-12-25,01:31,2025-12-25,Medium,Hardware,Laptop,Sales,Arjun Mehta,Resolved,Email,Mumbai,50,14.13,Within SLA,4.0
HD-01015,2025-08-27,00:53,,Medium,Email,Spam,IT,Sneha Rao,Open,Email,Delhi,59,,Within SLA,
HD-01016,2025-08-01,19:38,2025-08-02,High,Email,Distribution List,HR,Rahul Singh,Closed,Chat,Chennai,28,9.32,Breached,1.0
HD-01017,2025-02-06,04:35,2025-02-07,Medium,Network,LAN,Marketing,Amit Sharma,Resolved,Email,Pune,33,19.48,Within SLA,3.0
HD-01018,2025-08-09,15:53,2025-08-10,Medium,Software,Application Error,HR,Rahul Singh,Closed,Email,Pune,55,15.6,Within SLA,4.0
HD-01019,2025-09-17,23:25,2025-09-18,Medium,Network,Remote Access,Operations,Ananya Das,Closed,Phone,Chennai,40,19.22,Within SLA,3.0
HD-01020,2025-07-21,23:12,2025-07-22,Medium,Email,Mailbox,Marketing,Amit Sharma,Resolved,Chat,Remote,67,11.32,Within SLA,4.0
HD-01021,2025-11-08,08:08,,High,Hardware,Desktop,Marketing,Neha Verma,Open,Portal,Remote,33,,At Risk,
HD-01022,2025-04-27,03:40,2025-04-27,Low,Software,Update,Management,Priya Patel,Resolved,Phone,Mumbai,78,19.37,Within SLA,5.0
HD-01023,2025-12-31,03:00,2025-12-31,Medium,Network,VPN,Management,Ananya Das,Resolved,Chat,Hyderabad,60,15.22,Within SLA,4.0
HD-01024,2025-03-03,19:46,,Medium,Email,Outlook,HR,Priya Patel,In Progress,Email,Delhi,44,,Within SLA,
HD-01025,2025-11-18,01:56,2025-11-18,Medium,Security,Access Review,HR,Amit Sharma,Resolved,Portal,Pune,57,12.45,Within SLA,4.0
HD-01026,2025-07-10,10:29,2025-07-11,Low,Email,Spam,HR,Arjun Mehta,Resolved,Portal,Delhi,80,23.5,Within SLA,5.0
HD-01027,2025-07-12,18:55,2025-07-13,Medium,Security,MFA,Finance,Vikram Shah,Closed,Phone,Bengaluru,60,14.57,Within SLA,4.0
HD-01028,2025-10-02,01:12,2025-10-02,High,Access,Account Lockout,IT,Sneha Rao,Resolved,Portal,Hyderabad,39,9.13,Breached,2.0
HD-01029,2025-08-13,23:11,,Low,Access,Email Access,Customer Support,Priya Patel,Open,Phone,Hyderabad,74,,Within SLA,
HD-01030,2025-01-19,23:53,,Low,Network,LAN,Sales,Ananya Das,In Progress,Chat,Kolkata,91,,Within SLA,
HD-01031,2025-10-02,17:18,2025-10-03,Medium,Network,Remote Access,Sales,Amit Sharma,Resolved,Portal,Pune,28,12.17,Within SLA,4.0
HD-01032,2025-04-18,21:51,2025-04-19,High,Security,Antivirus,Customer Support,Amit Sharma,Closed,Email,Chennai,49,15.3,Breached,1.0
HD-01033,2025-02-27,09:39,2025-02-28,Medium,Security,Access Review,IT,Vikram Shah,Closed,Portal,Kolkata,43,18.47,Within SLA,4.0
HD-01034,2025-06-30,00:32,2025-06-30,High,Email,Distribution List,Marketing,Sneha Rao,Resolved,Portal,Remote,75,11.22,Breached,1.0
HD-01035,2025-07-26,02:52,2025-07-27,Low,Software,Operating System,Marketing,Vikram Shah,Resolved,Email,Kolkata,77,33.33,Within SLA,4.0
HD-01036,2025-10-26,14:40,,Medium,Hardware,Monitor,Marketing,Arjun Mehta,Pending,Email,Hyderabad,36,,Within SLA,
HD-01037,2025-01-06,12:27,2025-01-07,Medium,Hardware,Printer,Marketing,Ananya Das,Resolved,Email,Delhi,54,17.68,Within SLA,4.0
HD-01038,2025-06-11,09:26,2025-06-12,Low,Access,Account Lockout,Sales,Sneha Rao,Resolved,Email,Pune,69,35.43,Within SLA,4.0
HD-01039,2025-04-15,21:03,2025-04-16,Critical,Hardware,Monitor,Operations,Priya Patel,Resolved,Chat,Delhi,45,6.77,Breached,1.0
HD-01040,2025-05-31,15:18,2025-06-01,High,Email,Spam,Finance,Priya Patel,Resolved,Email,Bengaluru,35,22.28,Breached,1.0
HD-01041,2025-05-13,02:42,2025-05-14,High,Access,Password Reset,Customer Support,Neha Verma,Closed,Portal,Hyderabad,32,29.42,Breached,2.0
HD-01042,2025-08-05,11:52,2025-08-05,High,Access,Permission,Operations,Neha Verma,Resolved,Email,Mumbai,20,11.98,Breached,1.0
HD-01043,2025-05-03,09:35,2025-05-03,High,Hardware,Desktop,HR,Priya Patel,Resolved,Portal,Remote,25,9.35,Breached,2.0
HD-01044,2025-04-24,23:09,,Low,Hardware,Laptop,IT,Rahul Singh,Pending,Phone,Kolkata,49,,Within SLA,
HD-01045,2025-10-14,20:30,,Medium,Hardware,Laptop,IT,Sneha Rao,Open,Portal,Delhi,97,,Within SLA,
HD-01046,2025-02-06,22:55,2025-02-07,Critical,Network,Internet,HR,Rahul Singh,Resolved,Portal,Delhi,9,8.08,Breached,1.0
HD-01047,2025-11-12,04:26,2025-11-12,High,Email,Distribution List,IT,Arjun Mehta,Closed,Email,Kolkata,28,9.43,Breached,1.0
HD-01048,2025-02-06,15:04,,Critical,Email,Email Delivery,HR,Ananya Das,In Progress,Email,Remote,24,,At Risk,
HD-01049,2025-05-10,17:41,2025-05-11,Low,Security,Access Review,HR,Amit Sharma,Closed,Chat,Hyderabad,113,17.75,Within SLA,5.0
HD-01050,2025-09-22,15:12,2025-09-23,Medium,Network,Remote Access,Marketing,Ananya Das,Resolved,Portal,Mumbai,49,17.52,Within SLA,4.0
HD-01051,2025-02-22,21:34,2025-02-23,Medium,Email,Outlook,IT,Arjun Mehta,Closed,Portal,Delhi,33,16.72,Within SLA,4.0
HD-01052,2025-09-26,11:22,2025-09-27,Low,Software,Update,HR,Neha Verma,Resolved,Portal,Mumbai,55,24.22,Within SLA,5.0
HD-01053,2025-02-13,17:38,2025-02-14,Medium,Security,Antivirus,HR,Amit Sharma,Resolved,Chat,Delhi,43,15.43,Within SLA,4.0
HD-01054,2025-05-24,05:03,2025-05-25,Medium,Access,Email Access,IT,Ananya Das,Resolved,Portal,Bengaluru,28,24.7,Breached,2.0
HD-01055,2025-07-09,21:00,2025-07-10,Critical,Access,Password Reset,IT,Amit Sharma,Resolved,Chat,Remote,44,6.1,Breached,2.0
HD-01056,2025-02-24,15:23,2025-02-25,Medium,Software,Operating System,Finance,Ananya Das,Resolved,Email,Remote,52,16.02,Within SLA,4.0
HD-01057,2025-07-05,04:25,2025-07-05,Critical,Network,VPN,Management,Neha Verma,Resolved,Chat,Bengaluru,17,8.3,Breached,1.0
HD-01058,2025-04-14,22:55,2025-04-15,High,Email,Spam,HR,Arjun Mehta,Resolved,Phone,Kolkata,53,9.0,Breached,1.0
HD-01059,2025-10-22,06:37,,Critical,Email,Distribution List,Sales,Ananya Das,Pending,Email,Bengaluru,16,,At Risk,
HD-01060,2025-01-01,13:36,2025-01-02,Medium,Software,Application Error,IT,Vikram Shah,Closed,Phone,Pune,56,24.68,Breached,2.0
HD-01061,2025-02-07,07:37,2025-02-07,Medium,Email,Mailbox,Marketing,Sneha Rao,Resolved,Email,Chennai,63,14.43,Within SLA,4.0
HD-01062,2025-08-07,10:16,2025-08-08,Low,Hardware,Laptop,Sales,Neha Verma,Resolved,Chat,Mumbai,102,18.18,Within SLA,5.0
HD-01063,2025-04-10,14:20,2025-04-11,Low,Email,Outlook,HR,Arjun Mehta,Resolved,Chat,Hyderabad,119,17.45,Within SLA,5.0
HD-01064,2025-08-21,08:46,2025-08-21,Medium,Security,Antivirus,Finance,Ananya Das,Closed,Phone,Bengaluru,35,13.65,Within SLA,4.0
HD-01065,2025-08-15,08:49,2025-08-16,Low,Email,Spam,Finance,Vikram Shah,Closed,Phone,Chennai,68,20.72,Within SLA,5.0
HD-01066,2025-03-16,18:38,2025-03-17,Low,Software,Installation,Finance,Rahul Singh,Resolved,Portal,Hyderabad,62,18.88,Within SLA,5.0
HD-01067,2025-01-13,05:30,2025-01-14,Low,Security,Antivirus,Operations,Arjun Mehta,Closed,Chat,Bengaluru,79,18.82,Within SLA,5.0
HD-01068,2025-01-14,15:25,2025-01-15,Medium,Security,Security Alert,HR,Priya Patel,Resolved,Portal,Hyderabad,41,15.88,Within SLA,4.0
HD-01069,2025-10-05,04:08,,Medium,Email,Distribution List,Operations,Ananya Das,Pending,Portal,Hyderabad,40,,Within SLA,
HD-01070,2025-04-12,01:30,,Medium,Security,Phishing,Marketing,Vikram Shah,In Progress,Phone,Kolkata,43,,Within SLA,
HD-01071,2025-02-19,05:39,2025-02-19,High,Software,Update,HR,Ananya Das,Resolved,Chat,Bengaluru,45,10.75,Breached,3.0
HD-01072,2025-08-03,11:35,2025-08-04,Low,Email,Distribution List,HR,Arjun Mehta,Closed,Phone,Chennai,65,20.73,Within SLA,5.0
HD-01073,2025-02-27,09:48,2025-02-27,Medium,Hardware,Monitor,HR,Sneha Rao,Closed,Chat,Bengaluru,73,12.07,Within SLA,4.0
HD-01074,2025-10-22,04:57,,High,Security,Access Review,HR,Priya Patel,Pending,Portal,Remote,35,,At Risk,
HD-01075,2025-08-23,21:48,2025-08-24,Low,Software,License,Operations,Vikram Shah,Closed,Email,Pune,61,25.78,Within SLA,5.0
HD-01076,2025-08-12,20:17,2025-08-13,Medium,Network,LAN,HR,Rahul Singh,Resolved,Portal,Pune,57,14.2,Within SLA,4.0
HD-01077,2025-07-01,11:40,2025-07-02,Low,Email,Email Delivery,Finance,Arjun Mehta,Resolved,Portal,Kolkata,61,19.67,Within SLA,5.0
HD-01078,2025-06-07,08:34,,Medium,Hardware,Desktop,Customer Support,Rahul Singh,Pending,Phone,Hyderabad,41,,Within SLA,
HD-01079,2025-08-13,00:24,2025-08-13,Medium,Hardware,Keyboard/Mouse,Finance,Ananya Das,Resolved,Email,Kolkata,33,15.33,Within SLA,4.0
HD-01080,2025-11-02,10:55,2025-11-02,Critical,Email,Distribution List,Sales,Rahul Singh,Resolved,Email,Mumbai,15,4.75,Breached,3.0
HD-01081,2025-10-14,19:22,2025-10-15,Low,Security,MFA,Sales,Ananya Das,Resolved,Chat,Hyderabad,57,19.65,Within SLA,5.0
HD-01082,2025-04-15,00:04,2025-04-15,Low,Security,Phishing,Sales,Vikram Shah,Closed,Phone,Bengaluru,81,18.32,Within SLA,5.0
HD-01083,2025-01-09,01:01,2025-01-09,Low,Access,Account Lockout,Operations,Vikram Shah,Resolved,Portal,Delhi,76,18.72,Within SLA,5.0
HD-01084,2025-10-19,09:14,2025-10-19,Medium,Network,Wi-Fi,Sales,Vikram Shah,Resolved,Portal,Chennai,52,13.57,Within SLA,4.0
HD-01085,2025-04-19,15:48,2025-04-20,High,Email,Distribution List,Finance,Neha Verma,Resolved,Email,Chennai,46,13.48,Breached,3.0
HD-01086,2025-02-22,03:20,,Medium,Security,Phishing,Operations,Amit Sharma,Pending,Phone,Mumbai,39,,Within SLA,
HD-01087,2025-07-24,08:39,2025-07-24,Medium,Network,Wi-Fi,Customer Support,Neha Verma,Resolved,Portal,Delhi,56,13.3,Within SLA,4.0
HD-01088,2025-02-18,01:42,2025-02-19,Medium,Email,Mailbox,Marketing,Priya Patel,Resolved,Portal,Remote,41,28.83,Breached,1.0
HD-01089,2025-12-23,13:35,,High,Email,Outlook,Operations,Vikram Shah,Pending,Email,Remote,48,,At Risk,
HD-01090,2025-05-10,22:35,2025-05-11,High,Hardware,Keyboard/Mouse,Sales,Amit Sharma,Resolved,Portal,Kolkata,41,25.1,Breached,3.0
HD-01091,2025-02-16,11:41,2025-02-16,Critical,Access,Password Reset,Marketing,Vikram Shah,Resolved,Phone,Chennai,15,8.12,Breached,2.0
HD-01092,2025-02-12,06:36,2025-02-12,Medium,Software,Installation,Customer Support,Ananya Das,Closed,Phone,Mumbai,58,11.18,Within SLA,4.0
HD-01093,2025-03-25,17:24,2025-03-26,Medium,Email,Mailbox,HR,Neha Verma,Resolved,Chat,Pune,42,17.92,Within SLA,4.0
HD-01094,2025-07-21,19:46,2025-07-22,Medium,Security,Phishing,Operations,Amit Sharma,Resolved,Phone,Hyderabad,40,15.75,Within SLA,4.0
HD-01095,2025-02-20,00:22,2025-02-20,Medium,Hardware,Laptop,Marketing,Amit Sharma,Resolved,Portal,Chennai,33,12.05,Within SLA,4.0
HD-01096,2025-02-08,19:33,2025-02-09,Critical,Software,License,Operations,Sneha Rao,Resolved,Email,Kolkata,14,7.05,Breached,2.0
HD-01097,2025-10-24,08:09,2025-10-25,Medium,Software,Update,Marketing,Arjun Mehta,Resolved,Phone,Mumbai,36,17.25,Within SLA,4.0
HD-01098,2025-04-03,04:58,2025-04-03,Medium,Security,Access Review,Sales,Vikram Shah,Resolved,Email,Hyderabad,35,13.77,Within SLA,4.0
HD-01099,2025-08-24,05:21,,High,Email,Spam,HR,Arjun Mehta,Pending,Phone,Bengaluru,45,,Within SLA,
HD-01100,2025-06-06,10:52,2025-06-07,High,Security,Access Review,Customer Support,Vikram Shah,Resolved,Phone,Remote,34,15.55,Breached,3.0
HD-01101,2025-08-09,21:14,2025-08-11,Low,Network,Remote Access,HR,Arjun Mehta,Closed,Email,Pune,79,33.23,Within SLA,4.0
HD-01102,2025-06-16,22:43,2025-06-17,Medium,Email,Email Delivery,Customer Support,Amit Sharma,Resolved,Chat,Bengaluru,39,17.58,Within SLA,4.0
HD-01103,2025-03-27,14:15,,Medium,Security,Access Review,Operations,Neha Verma,In Progress,Portal,Mumbai,28,,Within SLA,
HD-01104,2025-08-02,07:24,2025-08-02,High,Software,Operating System,Operations,Rahul Singh,Resolved,Chat,Pune,36,8.82,Breached,1.0
HD-01105,2025-01-06,19:11,,Medium,Access,Password Reset,Sales,Neha Verma,Pending,Phone,Chennai,54,,Within SLA,
HD-01106,2025-07-30,06:50,2025-07-30,Low,Email,Spam,IT,Amit Sharma,Resolved,Email,Bengaluru,89,16.55,Within SLA,5.0
HD-01107,2025-01-25,07:31,,Critical,Hardware,Monitor,Marketing,Priya Patel,In Progress,Email,Hyderabad,12,,At Risk,
HD-01108,2025-04-24,19:16,,Medium,Hardware,Printer,Finance,Ananya Das,Open,Chat,Bengaluru,49,,Within SLA,
HD-01109,2025-05-24,01:22,2025-05-25,Low,Network,Internet,Finance,Ananya Das,Closed,Chat,Remote,64,28.05,Within SLA,5.0
HD-01110,2025-06-09,20:49,2025-06-10,Medium,Email,Mailbox,Operations,Amit Sharma,Closed,Email,Remote,87,15.87,Within SLA,4.0
HD-01111,2025-03-17,20:02,2025-03-18,Low,Access,Account Lockout,HR,Rahul Singh,Closed,Phone,Chennai,57,19.75,Within SLA,5.0
HD-01112,2025-01-05,03:11,2025-01-05,Low,Software,Application Error,HR,Rahul Singh,Resolved,Email,Kolkata,77,19.7,Within SLA,5.0
HD-01113,2025-02-21,09:38,2025-02-22,Medium,Email,Distribution List,Operations,Vikram Shah,Resolved,Email,Hyderabad,38,18.2,Within SLA,4.0
HD-01114,2025-02-24,16:49,2025-02-25,High,Network,Remote Access,Finance,Priya Patel,Resolved,Chat,Pune,20,21.08,Breached,2.0
HD-01115,2025-07-02,16:25,2025-07-03,Medium,Software,Operating System,Management,Rahul Singh,Resolved,Portal,Delhi,43,14.73,Within SLA,4.0
HD-01116,2025-09-01,23:51,2025-09-03,Low,Email,Outlook,Sales,Sneha Rao,Resolved,Chat,Remote,58,26.15,Within SLA,5.0
HD-01117,2025-12-07,10:54,2025-12-08,Low,Email,Mailbox,Operations,Vikram Shah,Resolved,Email,Chennai,76,18.5,Within SLA,5.0
HD-01118,2025-02-16,05:06,2025-02-16,Medium,Security,Phishing,Customer Support,Ananya Das,Resolved,Portal,Kolkata,41,15.57,Within SLA,4.0
HD-01119,2025-03-28,22:58,,Medium,Network,VPN,HR,Vikram Shah,In Progress,Phone,Mumbai,46,,Within SLA,
HD-01120,2025-08-10,03:29,2025-08-10,Low,Hardware,Keyboard/Mouse,Sales,Priya Patel,Closed,Portal,Chennai,114,20.07,Within SLA,5.0
HD-01121,2025-04-02,08:24,,Medium,Email,Distribution List,IT,Amit Sharma,Open,Portal,Bengaluru,32,,Within SLA,
HD-01122,2025-07-30,14:26,,Medium,Security,Access Review,IT,Arjun Mehta,Open,Portal,Pune,33,,Within SLA,
HD-01123,2025-09-09,09:00,2025-09-10,Low,Network,LAN,Management,Amit Sharma,Resolved,Chat,Delhi,63,16.03,Within SLA,5.0
HD-01124,2025-09-13,01:08,2025-09-13,Low,Email,Outlook,IT,Vikram Shah,Closed,Email,Delhi,76,20.73,Within SLA,5.0
HD-01125,2025-07-30,11:35,2025-07-31,Low,Email,Distribution List,Customer Support,Ananya Das,Resolved,Portal,Bengaluru,71,32.03,Within SLA,4.0
HD-01126,2025-07-26,15:54,2025-07-27,Medium,Email,Email Delivery,Customer Support,Rahul Singh,Resolved,Portal,Chennai,66,20.97,Within SLA,3.0
HD-01127,2025-08-29,14:31,2025-08-30,Medium,Access,System Access,Finance,Amit Sharma,Resolved,Email,Bengaluru,49,13.4,Within SLA,4.0
HD-01128,2025-04-08,13:24,2025-04-09,Low,Email,Outlook,Management,Vikram Shah,Resolved,Portal,Bengaluru,81,21.87,Within SLA,5.0
HD-01129,2025-02-21,16:33,2025-02-22,Medium,Security,Access Review,IT,Vikram Shah,Closed,Portal,Hyderabad,85,12.13,Within SLA,4.0
HD-01130,2025-04-12,06:09,,Low,Security,MFA,Sales,Sneha Rao,Pending,Chat,Bengaluru,62,,Within SLA,
HD-01131,2025-08-17,19:02,,Low,Security,Antivirus,Operations,Sneha Rao,Open,Email,Hyderabad,77,,Within SLA,
HD-01132,2025-11-27,03:42,2025-11-27,Medium,Hardware,Keyboard/Mouse,Operations,Ananya Das,Resolved,Phone,Pune,31,11.22,Within SLA,4.0
HD-01133,2025-07-18,23:04,2025-07-19,High,Hardware,Laptop,Management,Ananya Das,Resolved,Portal,Mumbai,50,7.08,Within SLA,3.0
HD-01134,2025-02-03,09:40,2025-02-03,High,Software,Operating System,IT,Priya Patel,Resolved,Phone,Pune,27,7.2,Within SLA,3.0
HD-01135,2025-11-14,12:00,,Medium,Security,Access Review,HR,Neha Verma,Open,Chat,Remote,26,,Within SLA,
HD-01136,2025-02-12,08:55,2025-02-12,Medium,Hardware,Laptop,Operations,Rahul Singh,Closed,Chat,Kolkata,49,12.05,Within SLA,4.0
HD-01137,2025-04-16,12:15,,Medium,Software,Update,Operations,Vikram Shah,Pending,Portal,Bengaluru,68,,Within SLA,
HD-01138,2025-05-07,00:08,2025-05-07,High,Email,Distribution List,Customer Support,Ananya Das,Resolved,Chat,Pune,21,9.42,Breached,3.0
HD-01139,2025-12-13,20:57,2025-12-14,Medium,Email,Spam,Customer Support,Sneha Rao,Resolved,Phone,Pune,63,13.62,Within SLA,4.0
HD-01140,2025-11-27,12:01,2025-11-28,Low,Hardware,Laptop,Sales,Arjun Mehta,Closed,Phone,Hyderabad,54,17.38,Within SLA,5.0
HD-01141,2025-05-04,06:10,2025-05-05,Low,Hardware,Printer,Operations,Ananya Das,Closed,Email,Hyderabad,61,20.98,Within SLA,5.0
HD-01142,2025-04-21,10:27,2025-04-21,High,Email,Distribution List,Customer Support,Vikram Shah,Resolved,Chat,Bengaluru,23,11.92,Breached,2.0
HD-01143,2025-09-07,18:33,2025-09-08,Medium,Security,Phishing,Sales,Sneha Rao,Resolved,Portal,Chennai,26,25.02,Breached,1.0
HD-01144,2025-10-14,05:46,2025-10-15,Low,Hardware,Desktop,Marketing,Rahul Singh,Closed,Email,Pune,99,18.73,Within SLA,5.0
HD-01145,2025-03-21,05:01,2025-03-21,High,Access,Permission,Finance,Rahul Singh,Resolved,Chat,Kolkata,20,10.35,Breached,3.0
HD-01146,2025-05-22,01:09,2025-05-22,Medium,Network,LAN,Sales,Vikram Shah,Resolved,Portal,Mumbai,51,21.42,Within SLA,3.0
HD-01147,2025-06-26,03:36,2025-06-26,Medium,Security,Access Review,Marketing,Priya Patel,Closed,Chat,Mumbai,34,12.03,Within SLA,4.0
HD-01148,2025-01-25,14:12,2025-01-26,Medium,Software,Installation,Management,Neha Verma,Resolved,Portal,Mumbai,31,15.47,Within SLA,4.0
HD-01149,2025-10-15,18:34,2025-10-16,Medium,Software,Application Error,Customer Support,Sneha Rao,Resolved,Email,Pune,46,11.53,Within SLA,4.0
HD-01150,2025-09-30,19:29,2025-09-30,Critical,Email,Distribution List,Marketing,Sneha Rao,Resolved,Phone,Pune,26,3.87,Within SLA,3.0
HD-01151,2025-04-23,13:31,2025-04-24,Low,Hardware,Keyboard/Mouse,Operations,Arjun Mehta,Closed,Phone,Remote,75,18.2,Within SLA,5.0
HD-01152,2025-12-01,05:30,2025-12-01,Medium,Hardware,Desktop,Sales,Ananya Das,Resolved,Email,Bengaluru,43,14.48,Within SLA,4.0
HD-01153,2025-07-10,10:11,,High,Network,VPN,Marketing,Rahul Singh,In Progress,Portal,Mumbai,41,,At Risk,
HD-01154,2025-11-04,00:47,2025-11-04,High,Hardware,Keyboard/Mouse,Marketing,Rahul Singh,Resolved,Email,Mumbai,37,10.7,Breached,3.0
HD-01155,2025-06-20,05:54,,Medium,Software,License,Operations,Rahul Singh,Pending,Portal,Kolkata,41,,Within SLA,
HD-01156,2025-05-05,13:27,,Low,Hardware,Printer,Sales,Neha Verma,In Progress,Email,Mumbai,71,,Within SLA,
HD-01157,2025-02-05,21:55,2025-02-06,Medium,Access,Permission,Marketing,Amit Sharma,Closed,Portal,Mumbai,56,15.17,Within SLA,4.0
HD-01158,2025-06-04,11:56,,Low,Software,Installation,HR,Neha Verma,Open,Portal,Delhi,59,,Within SLA,
HD-01159,2025-10-27,13:45,2025-10-28,High,Hardware,Laptop,HR,Vikram Shah,Resolved,Chat,Delhi,26,13.03,Breached,3.0
HD-01160,2025-05-14,04:25,2025-05-14,Medium,Email,Outlook,Marketing,Neha Verma,Resolved,Portal,Mumbai,35,11.62,Within SLA,4.0
HD-01161,2025-09-16,07:35,2025-09-16,High,Email,Email Delivery,Sales,Arjun Mehta,Resolved,Portal,Delhi,28,11.1,Breached,1.0
HD-01162,2025-02-28,07:17,2025-03-01,Medium,Access,Account Lockout,Finance,Neha Verma,Closed,Phone,Chennai,71,16.95,Within SLA,4.0
HD-01163,2025-09-17,00:25,,Medium,Network,VPN,Management,Amit Sharma,Pending,Email,Hyderabad,34,,Within SLA,
HD-01164,2025-05-07,20:29,,Medium,Access,Permission,Sales,Neha Verma,Pending,Email,Pune,73,,Within SLA,
HD-01165,2025-03-31,15:16,2025-04-01,Medium,Network,Wi-Fi,Sales,Amit Sharma,Resolved,Chat,Delhi,38,12.23,Within SLA,4.0
HD-01166,2025-12-16,23:02,2025-12-18,Low,Network,Internet,Sales,Amit Sharma,Resolved,Portal,Pune,49,29.5,Within SLA,4.0
HD-01167,2025-10-26,10:07,2025-10-26,Medium,Network,LAN,IT,Priya Patel,Closed,Phone,Remote,58,10.97,Within SLA,4.0
HD-01168,2025-04-06,13:47,2025-04-07,Medium,Hardware,Desktop,IT,Ananya Das,Resolved,Chat,Mumbai,51,18.92,Within SLA,4.0
HD-01169,2025-01-16,00:59,2025-01-16,Low,Security,Security Alert,Marketing,Priya Patel,Resolved,Chat,Kolkata,103,19.12,Within SLA,5.0
HD-01170,2025-01-06,02:22,,Medium,Security,MFA,Management,Priya Patel,Open,Portal,Mumbai,33,,Within SLA,
HD-01171,2025-02-09,11:35,2025-02-10,Low,Access,Account Lockout,Operations,Priya Patel,Resolved,Email,Pune,68,16.47,Within SLA,5.0
HD-01172,2025-03-09,22:56,2025-03-10,Low,Software,Application Error,Finance,Vikram Shah,Closed,Portal,Chennai,68,18.88,Within SLA,5.0
HD-01173,2025-04-09,13:13,2025-04-10,Medium,Software,Application Error,Finance,Sneha Rao,Closed,Portal,Hyderabad,42,13.78,Within SLA,4.0
HD-01174,2025-04-04,10:04,2025-04-04,High,Security,Security Alert,Finance,Amit Sharma,Resolved,Email,Pune,30,8.83,Breached,1.0
HD-01175,2025-11-05,18:54,2025-11-06,Low,Access,System Access,Management,Ananya Das,Resolved,Email,Pune,77,16.25,Within SLA,5.0
HD-01176,2025-08-03,09:20,2025-08-04,Low,Security,Access Review,IT,Amit Sharma,Closed,Phone,Hyderabad,76,17.75,Within SLA,5.0
HD-01177,2025-08-25,10:53,2025-08-26,Medium,Email,Spam,Management,Vikram Shah,Closed,Chat,Hyderabad,32,23.63,Within SLA,3.0
HD-01178,2025-05-29,10:33,2025-05-30,Medium,Security,MFA,HR,Vikram Shah,Resolved,Chat,Delhi,38,14.33,Within SLA,4.0
HD-01179,2025-04-07,09:46,2025-04-08,Low,Software,License,Customer Support,Rahul Singh,Closed,Portal,Pune,65,17.33,Within SLA,5.0
HD-01180,2025-09-14,10:38,2025-09-15,Low,Software,Operating System,Finance,Ananya Das,Resolved,Portal,Delhi,71,26.17,Within SLA,5.0
HD-01181,2025-02-06,22:11,,High,Email,Email Delivery,Marketing,Sneha Rao,Open,Chat,Bengaluru,20,,At Risk,
HD-01182,2025-04-23,12:49,2025-04-23,High,Email,Email Delivery,HR,Vikram Shah,Closed,Phone,Pune,25,10.93,Breached,1.0
HD-01183,2025-08-10,18:55,,Critical,Email,Spam,Management,Amit Sharma,In Progress,Portal,Mumbai,21,,At Risk,
HD-01184,2025-02-06,09:19,2025-02-06,High,Software,Installation,Customer Support,Priya Patel,Resolved,Phone,Kolkata,37,13.23,Breached,1.0
HD-01185,2025-08-21,23:29,2025-08-22,Medium,Email,Distribution List,Sales,Ananya Das,Closed,Chat,Remote,35,11.23,Within SLA,4.0
HD-01186,2025-11-03,20:25,2025-11-04,Medium,Hardware,Printer,Customer Support,Amit Sharma,Resolved,Chat,Hyderabad,58,13.33,Within SLA,4.0
HD-01187,2025-02-11,13:23,,High,Access,System Access,Customer Support,Rahul Singh,Open,Phone,Mumbai,23,,At Risk,
HD-01188,2025-04-13,20:24,2025-04-14,Critical,Access,Password Reset,IT,Ananya Das,Resolved,Phone,Bengaluru,56,26.75,Breached,2.0
HD-01189,2025-04-17,21:12,2025-04-18,Medium,Software,Application Error,Marketing,Arjun Mehta,Closed,Chat,Hyderabad,58,12.68,Within SLA,4.0
HD-01190,2025-10-20,09:29,2025-10-21,Medium,Email,Distribution List,HR,Vikram Shah,Resolved,Email,Delhi,49,17.05,Within SLA,4.0
HD-01191,2025-06-08,05:03,,Low,Software,Operating System,Customer Support,Amit Sharma,Pending,Phone,Bengaluru,56,,Within SLA,
HD-01192,2025-05-10,02:39,2025-05-10,High,Security,Phishing,Sales,Sneha Rao,Resolved,Phone,Pune,22,9.58,Breached,1.0
HD-01193,2025-09-28,16:38,2025-09-29,Medium,Hardware,Keyboard/Mouse,Customer Support,Vikram Shah,Closed,Email,Remote,40,25.15,Breached,1.0
HD-01194,2025-09-29,22:17,,Medium,Email,Distribution List,Finance,Amit Sharma,In Progress,Chat,Remote,35,,Within SLA,
HD-01195,2025-11-26,05:59,2025-11-26,Critical,Software,License,Sales,Vikram Shah,Closed,Chat,Pune,34,10.08,Breached,3.0
HD-01196,2025-06-03,17:22,2025-06-04,Medium,Email,Outlook,IT,Vikram Shah,Resolved,Phone,Delhi,36,15.15,Within SLA,4.0
HD-01197,2025-11-25,02:16,2025-11-25,Medium,Access,Permission,Marketing,Vikram Shah,Resolved,Email,Chennai,43,16.25,Within SLA,4.0
HD-01198,2025-08-20,11:11,2025-08-21,Medium,Email,Outlook,Marketing,Vikram Shah,Resolved,Phone,Hyderabad,51,14.6,Within SLA,4.0
HD-01199,2025-05-25,14:54,,Medium,Access,Email Access,Finance,Amit Sharma,In Progress,Email,Pune,51,,Within SLA,
HD-01200,2025-06-09,09:46,2025-06-10,Low,Access,Permission,Sales,Amit Sharma,Resolved,Phone,Chennai,56,15.85,Within SLA,5.0
HD-01201,2025-08-10,20:03,2025-08-11,Medium,Network,Internet,Marketing,Neha Verma,Resolved,Email,Kolkata,64,12.45,Within SLA,4.0
HD-01202,2025-09-30,02:03,2025-09-30,Medium,Hardware,Monitor,Operations,Sneha Rao,Resolved,Portal,Mumbai,73,17.07,Within SLA,4.0
HD-01203,2025-03-01,02:11,2025-03-01,Medium,Access,Email Access,Management,Ananya Das,Resolved,Phone,Kolkata,40,11.15,Within SLA,4.0
HD-01204,2025-09-06,07:48,2025-09-06,Medium,Hardware,Laptop,Finance,Priya Patel,Resolved,Chat,Kolkata,44,13.12,Within SLA,4.0
HD-01205,2025-08-13,09:51,,Medium,Network,LAN,Finance,Arjun Mehta,Pending,Chat,Bengaluru,41,,Within SLA,
HD-01206,2025-10-23,01:07,2025-10-23,High,Network,VPN,Customer Support,Sneha Rao,Resolved,Chat,Mumbai,20,7.27,Within SLA,3.0
HD-01207,2025-09-27,19:13,2025-09-28,High,Email,Spam,IT,Sneha Rao,Resolved,Phone,Mumbai,54,11.72,Breached,2.0
HD-01208,2025-05-12,11:24,,High,Software,Application Error,HR,Rahul Singh,Pending,Portal,Bengaluru,37,,At Risk,
HD-01209,2025-08-30,02:10,2025-08-30,High,Hardware,Monitor,Management,Vikram Shah,Closed,Portal,Hyderabad,47,8.87,Breached,1.0
HD-01210,2025-12-03,22:42,2025-12-04,High,Email,Outlook,Sales,Priya Patel,Closed,Chat,Chennai,37,18.03,Breached,2.0
HD-01211,2025-04-06,21:37,2025-04-07,High,Network,Internet,Marketing,Amit Sharma,Resolved,Chat,Hyderabad,41,9.52,Breached,2.0
HD-01212,2025-01-05,14:07,2025-01-06,Low,Security,Phishing,HR,Vikram Shah,Resolved,Chat,Remote,67,18.23,Within SLA,5.0
HD-01213,2025-09-18,05:05,2025-09-18,Critical,Network,Internet,Customer Support,Amit Sharma,Closed,Portal,Chennai,25,6.48,Breached,1.0
HD-01214,2025-01-07,01:07,,Medium,Security,MFA,Marketing,Priya Patel,Pending,Portal,Remote,45,,Within SLA,
HD-01215,2025-08-30,14:22,2025-08-31,Medium,Access,System Access,Sales,Amit Sharma,Resolved,Phone,Chennai,111,15.9,Within SLA,4.0
HD-01216,2025-04-01,07:32,2025-04-02,Low,Hardware,Keyboard/Mouse,Customer Support,Arjun Mehta,Resolved,Portal,Pune,55,17.58,Within SLA,5.0
HD-01217,2025-07-22,12:23,2025-07-23,Low,Email,Email Delivery,Sales,Priya Patel,Resolved,Chat,Mumbai,68,16.37,Within SLA,5.0
HD-01218,2025-12-25,21:27,2025-12-26,Low,Software,Application Error,Finance,Priya Patel,Resolved,Email,Bengaluru,76,19.13,Within SLA,5.0
HD-01219,2025-12-20,10:11,2025-12-21,Low,Security,Access Review,Management,Vikram Shah,Closed,Email,Mumbai,79,18.9,Within SLA,5.0
HD-01220,2025-01-24,23:11,2025-01-25,High,Software,Update,IT,Sneha Rao,Closed,Portal,Delhi,95,7.42,Within SLA,3.0
HD-01221,2025-10-25,15:41,,High,Security,Antivirus,Marketing,Sneha Rao,Open,Phone,Kolkata,51,,Within SLA,
HD-01222,2025-01-07,13:32,,Medium,Access,Account Lockout,Finance,Sneha Rao,Pending,Phone,Chennai,48,,Within SLA,
HD-01223,2025-12-15,07:35,,Medium,Access,Permission,HR,Priya Patel,Pending,Email,Kolkata,39,,Within SLA,
HD-01224,2025-07-30,08:34,2025-07-30,Medium,Access,System Access,IT,Ananya Das,Resolved,Email,Mumbai,46,14.02,Within SLA,4.0
HD-01225,2025-08-04,03:17,,Low,Email,Distribution List,Customer Support,Rahul Singh,In Progress,Chat,Remote,68,,Within SLA,
HD-01226,2025-09-04,17:13,2025-09-05,Medium,Access,System Access,Management,Priya Patel,Resolved,Phone,Mumbai,47,14.25,Within SLA,4.0
HD-01227,2025-06-26,11:58,2025-06-27,High,Hardware,Keyboard/Mouse,Marketing,Rahul Singh,Resolved,Email,Delhi,19,12.37,Breached,1.0
HD-01228,2025-05-28,15:09,,Low,Hardware,Keyboard/Mouse,Finance,Sneha Rao,In Progress,Portal,Delhi,61,,Within SLA,
HD-01229,2025-02-05,00:50,2025-02-05,Medium,Software,Operating System,IT,Vikram Shah,Resolved,Portal,Delhi,93,14.87,Within SLA,4.0
HD-01230,2025-08-25,08:06,2025-08-25,High,Access,Account Lockout,Customer Support,Arjun Mehta,Resolved,Portal,Bengaluru,57,11.37,Breached,3.0
HD-01231,2025-12-09,09:29,2025-12-09,Critical,Network,Internet,IT,Rahul Singh,Closed,Email,Chennai,14,4.83,Breached,3.0
HD-01232,2025-02-19,02:18,2025-02-19,Low,Email,Mailbox,Sales,Sneha Rao,Closed,Chat,Mumbai,54,15.58,Within SLA,5.0
HD-01233,2025-06-28,09:31,,Low,Software,License,Management,Rahul Singh,Open,Portal,Chennai,85,,Within SLA,
HD-01234,2025-09-11,04:36,2025-09-11,Critical,Email,Mailbox,Sales,Arjun Mehta,Resolved,Chat,Hyderabad,70,11.53,Breached,1.0
HD-01235,2025-02-05,12:31,2025-02-06,Low,Network,Wi-Fi,Sales,Ananya Das,Resolved,Email,Delhi,61,17.02,Within SLA,5.0
HD-01236,2025-11-14,06:26,2025-11-14,High,Access,Password Reset,Sales,Neha Verma,Resolved,Email,Mumbai,63,9.72,Breached,3.0
HD-01237,2025-02-03,15:23,,High,Email,Spam,Operations,Arjun Mehta,In Progress,Portal,Bengaluru,34,,At Risk,
HD-01238,2025-11-30,00:08,2025-11-30,Medium,Software,Update,IT,Arjun Mehta,Resolved,Chat,Delhi,66,12.1,Within SLA,4.0
HD-01239,2025-11-09,13:01,2025-11-10,Medium,Email,Email Delivery,Marketing,Priya Patel,Resolved,Email,Pune,52,15.62,Within SLA,4.0
HD-01240,2025-12-13,13:47,,Medium,Security,MFA,Management,Arjun Mehta,Open,Portal,Chennai,32,,Within SLA,
HD-01241,2025-07-31,22:00,,Medium,Security,Security Alert,Management,Neha Verma,Open,Portal,Pune,80,,At Risk,
HD-01242,2025-05-04,11:13,2025-05-04,High,Access,Permission,Customer Support,Rahul Singh,Resolved,Email,Chennai,31,9.47,Breached,2.0
HD-01243,2025-06-24,08:50,2025-06-24,Medium,Network,Wi-Fi,Operations,Vikram Shah,Closed,Portal,Hyderabad,65,14.57,Within SLA,4.0
HD-01244,2025-08-22,09:58,2025-08-22,Critical,Hardware,Desktop,Operations,Arjun Mehta,Resolved,Chat,Kolkata,34,6.73,Breached,2.0
HD-01245,2025-09-29,07:43,2025-09-29,Critical,Security,Antivirus,Finance,Priya Patel,Resolved,Portal,Bengaluru,13,10.98,Breached,1.0
HD-01246,2025-01-05,02:34,2025-01-06,Low,Access,Password Reset,HR,Sneha Rao,Resolved,Email,Chennai,74,22.8,Within SLA,5.0
HD-01247,2025-04-11,19:55,,Medium,Email,Spam,Finance,Ananya Das,Pending,Phone,Mumbai,43,,At Risk,
HD-01248,2025-06-30,01:57,2025-06-30,Medium,Hardware,Printer,Operations,Amit Sharma,Resolved,Portal,Delhi,69,15.8,Within SLA,4.0
HD-01249,2025-04-29,02:04,2025-04-29,High,Hardware,Desktop,HR,Amit Sharma,Resolved,Phone,Chennai,57,8.27,Breached,3.0
HD-01250,2025-12-20,08:29,,Low,Software,License,Sales,Sneha Rao,Open,Phone,Hyderabad,75,,Within SLA,
HD-01251,2025-01-13,21:59,,Low,Access,System Access,Finance,Amit Sharma,Pending,Chat,Kolkata,105,,Within SLA,
HD-01252,2025-06-20,13:56,2025-06-21,Medium,Hardware,Desktop,Management,Arjun Mehta,Closed,Portal,Hyderabad,47,13.75,Within SLA,4.0
HD-01253,2025-01-02,01:54,2025-01-02,Medium,Access,Email Access,Sales,Sneha Rao,Resolved,Phone,Mumbai,75,12.45,Within SLA,4.0
HD-01254,2025-05-28,09:02,2025-05-29,Medium,Software,Operating System,Sales,Arjun Mehta,Closed,Email,Remote,51,17.17,Within SLA,4.0
HD-01255,2025-11-29,10:36,2025-11-30,Low,Hardware,Laptop,Finance,Vikram Shah,Resolved,Email,Chennai,69,18.57,Within SLA,5.0
HD-01256,2025-11-05,14:00,2025-11-06,Low,Hardware,Printer,Operations,Ananya Das,Resolved,Phone,Remote,69,16.12,Within SLA,5.0
HD-01257,2025-10-27,10:51,2025-10-28,Medium,Software,Operating System,Finance,Neha Verma,Closed,Portal,Kolkata,59,13.32,Within SLA,4.0
HD-01258,2025-01-31,04:34,2025-01-31,Medium,Access,Password Reset,Sales,Amit Sharma,Resolved,Chat,Delhi,40,17.65,Within SLA,4.0
HD-01259,2025-03-12,06:24,,Low,Security,Antivirus,HR,Rahul Singh,Open,Email,Chennai,67,,Within SLA,
HD-01260,2025-01-02,15:51,2025-01-03,Medium,Email,Email Delivery,Customer Support,Priya Patel,Resolved,Email,Kolkata,38,11.45,Within SLA,4.0
HD-01261,2025-05-02,12:52,2025-05-03,Medium,Access,Email Access,Sales,Priya Patel,Closed,Chat,Mumbai,98,21.0,Within SLA,3.0
HD-01262,2025-10-25,07:47,,High,Email,Mailbox,HR,Vikram Shah,Open,Portal,Remote,46,,At Risk,
HD-01263,2025-01-21,17:54,2025-01-22,Medium,Email,Mailbox,Sales,Ananya Das,Resolved,Portal,Mumbai,48,15.02,Within SLA,4.0
HD-01264,2025-11-22,17:05,2025-11-23,Critical,Software,Installation,Finance,Arjun Mehta,Resolved,Email,Pune,79,12.88,Breached,3.0
HD-01265,2025-02-19,03:22,2025-02-19,High,Security,Phishing,Sales,Amit Sharma,Resolved,Portal,Mumbai,40,13.07,Breached,2.0
HD-01266,2025-07-13,09:56,,Medium,Software,Application Error,Marketing,Sneha Rao,Open,Portal,Mumbai,62,,Within SLA,
HD-01267,2025-06-08,02:59,2025-06-08,Medium,Software,Application Error,Finance,Sneha Rao,Resolved,Portal,Remote,26,11.7,Within SLA,4.0
HD-01268,2025-02-21,06:30,2025-02-21,High,Security,Phishing,Sales,Priya Patel,Resolved,Chat,Delhi,26,13.27,Breached,3.0
HD-01269,2025-07-26,04:12,2025-07-26,Low,Hardware,Printer,Marketing,Arjun Mehta,Resolved,Email,Kolkata,65,16.95,Within SLA,5.0
HD-01270,2025-12-10,14:54,2025-12-11,Medium,Access,Email Access,Management,Amit Sharma,Closed,Chat,Hyderabad,45,13.6,Within SLA,4.0
HD-01271,2025-04-22,10:28,,High,Network,Internet,Finance,Ananya Das,Pending,Chat,Kolkata,48,,At Risk,
HD-01272,2025-06-11,21:09,2025-06-12,Medium,Network,Remote Access,Customer Support,Rahul Singh,Resolved,Chat,Hyderabad,36,13.45,Within SLA,4.0
HD-01273,2025-03-26,01:23,2025-03-26,High,Security,Antivirus,Operations,Sneha Rao,Resolved,Phone,Bengaluru,34,12.3,Breached,1.0
HD-01274,2025-10-15,08:25,2025-10-15,Medium,Access,Account Lockout,Marketing,Arjun Mehta,Resolved,Email,Kolkata,35,13.22,Within SLA,4.0
HD-01275,2025-04-20,09:56,2025-04-20,Critical,Software,License,Finance,Sneha Rao,Resolved,Portal,Hyderabad,19,7.5,Breached,3.0
HD-01276,2025-04-14,17:19,2025-04-15,Medium,Access,Email Access,IT,Ananya Das,Resolved,Phone,Remote,74,13.58,Within SLA,4.0
HD-01277,2025-04-04,04:18,,Medium,Email,Outlook,IT,Vikram Shah,Pending,Chat,Kolkata,34,,Within SLA,
HD-01278,2025-05-14,07:23,,Medium,Hardware,Keyboard/Mouse,Finance,Sneha Rao,In Progress,Phone,Delhi,34,,Within SLA,
HD-01279,2025-04-28,07:39,2025-04-28,High,Software,Application Error,Marketing,Amit Sharma,Resolved,Chat,Pune,24,6.65,Within SLA,3.0
HD-01280,2025-04-22,00:55,,Low,Security,MFA,Marketing,Neha Verma,In Progress,Portal,Kolkata,61,,Within SLA,
HD-01281,2025-01-22,16:26,2025-01-23,Medium,Access,Account Lockout,Management,Neha Verma,Resolved,Email,Mumbai,63,14.45,Within SLA,4.0
HD-01282,2025-05-19,08:39,,High,Software,Application Error,HR,Sneha Rao,Pending,Chat,Delhi,35,,At Risk,
HD-01283,2025-03-10,10:28,2025-03-11,Medium,Email,Outlook,IT,Arjun Mehta,Resolved,Chat,Mumbai,64,13.87,Within SLA,4.0
HD-01284,2025-10-16,03:40,2025-10-16,High,Software,Operating System,Management,Ananya Das,Resolved,Portal,Kolkata,28,10.32,Breached,1.0
HD-01285,2025-09-08,18:24,,High,Security,MFA,Sales,Ananya Das,Pending,Email,Mumbai,25,,At Risk,
HD-01286,2025-01-10,19:58,2025-01-11,High,Access,Account Lockout,Sales,Priya Patel,Resolved,Phone,Bengaluru,39,10.92,Breached,1.0
HD-01287,2025-07-11,23:55,2025-07-12,Critical,Hardware,Desktop,HR,Neha Verma,Resolved,Chat,Chennai,11,8.17,Breached,3.0
HD-01288,2025-09-03,02:54,,High,Software,License,Sales,Sneha Rao,Open,Phone,Hyderabad,25,,At Risk,
HD-01289,2025-03-30,02:17,,Medium,Software,Update,Sales,Amit Sharma,Open,Phone,Chennai,99,,Within SLA,
HD-01290,2025-05-18,11:52,2025-05-19,Low,Software,Operating System,Customer Support,Priya Patel,Resolved,Phone,Mumbai,54,21.48,Within SLA,5.0
HD-01291,2025-07-16,09:09,2025-07-16,High,Software,Operating System,Finance,Priya Patel,Resolved,Email,Remote,29,13.87,Breached,3.0
HD-01292,2025-09-21,05:16,,Medium,Software,Application Error,Management,Vikram Shah,In Progress,Phone,Pune,43,,Within SLA,
HD-01293,2025-03-23,11:39,2025-03-23,Critical,Software,Installation,Sales,Rahul Singh,Closed,Email,Delhi,60,12.28,Breached,3.0
HD-01294,2025-09-03,04:28,,High,Software,License,Customer Support,Amit Sharma,In Progress,Chat,Bengaluru,19,,At Risk,
HD-01295,2025-12-15,09:28,2025-12-15,Medium,Security,Security Alert,Marketing,Priya Patel,Resolved,Email,Mumbai,55,12.52,Within SLA,4.0
HD-01296,2025-07-08,13:48,2025-07-09,Medium,Software,Update,IT,Priya Patel,Resolved,Phone,Bengaluru,50,13.63,Within SLA,4.0
HD-01297,2025-01-23,06:22,2025-01-23,Medium,Network,LAN,Marketing,Ananya Das,Resolved,Phone,Kolkata,98,12.13,Within SLA,4.0
HD-01298,2025-08-09,20:27,2025-08-10,Low,Software,Application Error,Operations,Priya Patel,Resolved,Chat,Pune,99,18.3,Within SLA,5.0
HD-01299,2025-01-07,13:35,2025-01-08,Medium,Security,Phishing,Customer Support,Neha Verma,Closed,Phone,Remote,40,14.38,Within SLA,4.0
HD-01300,2025-02-23,05:45,2025-02-24,Low,Software,Operating System,Sales,Amit Sharma,Resolved,Email,Remote,74,21.22,Within SLA,5.0
HD-01301,2025-06-16,23:51,2025-06-17,High,Email,Outlook,Management,Ananya Das,Closed,Chat,Mumbai,34,8.15,Breached,2.0
HD-01302,2025-03-31,20:05,2025-04-01,Low,Email,Mailbox,Sales,Ananya Das,Resolved,Chat,Mumbai,59,19.92,Within SLA,5.0
HD-01303,2025-09-09,22:46,2025-09-10,Medium,Network,VPN,Marketing,Arjun Mehta,Closed,Portal,Delhi,50,13.62,Within SLA,4.0
HD-01304,2025-07-19,00:47,2025-07-19,Medium,Email,Spam,Sales,Neha Verma,Resolved,Email,Bengaluru,44,12.4,Within SLA,4.0
HD-01305,2025-07-06,09:20,2025-07-07,Low,Hardware,Laptop,Sales,Vikram Shah,Resolved,Chat,Kolkata,72,19.47,Within SLA,5.0
HD-01306,2025-06-23,22:02,2025-06-24,Medium,Network,Wi-Fi,Customer Support,Neha Verma,Resolved,Chat,Chennai,40,12.97,Within SLA,4.0
HD-01307,2025-03-27,16:03,,Medium,Hardware,Keyboard/Mouse,Customer Support,Arjun Mehta,Pending,Chat,Bengaluru,43,,Within SLA,
HD-01308,2025-02-23,08:13,2025-02-23,Medium,Access,Account Lockout,Operations,Neha Verma,Closed,Email,Chennai,52,13.68,Within SLA,4.0
HD-01309,2025-03-04,13:34,,Medium,Security,Antivirus,Customer Support,Arjun Mehta,Open,Portal,Delhi,123,,Within SLA,
HD-01310,2025-08-10,08:00,2025-08-11,High,Email,Outlook,Operations,Arjun Mehta,Resolved,Chat,Kolkata,27,19.35,Breached,2.0
HD-01311,2025-08-26,16:07,2025-08-27,Low,Email,Distribution List,Marketing,Neha Verma,Closed,Phone,Pune,57,17.9,Within SLA,5.0
HD-01312,2025-01-07,16:05,2025-01-08,Medium,Security,Access Review,Sales,Rahul Singh,Closed,Portal,Mumbai,44,21.07,Within SLA,3.0
HD-01313,2025-03-26,20:48,2025-03-27,Critical,Security,Access Review,IT,Priya Patel,Resolved,Portal,Bengaluru,29,8.73,Breached,2.0
HD-01314,2025-10-23,19:24,2025-10-24,Low,Network,Internet,Operations,Neha Verma,Resolved,Phone,Kolkata,65,22.12,Within SLA,5.0
HD-01315,2025-04-05,22:17,2025-04-06,Low,Network,Internet,Customer Support,Arjun Mehta,Resolved,Chat,Delhi,74,21.85,Within SLA,5.0
HD-01316,2025-10-14,08:06,,High,Hardware,Desktop,HR,Neha Verma,Open,Chat,Chennai,63,,At Risk,
HD-01317,2025-08-15,03:53,,Medium,Security,Security Alert,Finance,Vikram Shah,Pending,Email,Hyderabad,37,,Within SLA,
HD-01318,2025-05-08,02:14,,Medium,Software,Application Error,HR,Neha Verma,Open,Phone,Mumbai,39,,Within SLA,
HD-01319,2025-09-18,11:49,2025-09-18,High,Hardware,Desktop,Marketing,Arjun Mehta,Resolved,Chat,Pune,27,9.95,Breached,3.0
HD-01320,2025-10-15,22:49,2025-10-16,Medium,Security,Security Alert,Finance,Amit Sharma,Closed,Phone,Bengaluru,30,16.53,Within SLA,4.0
HD-01321,2025-09-15,08:28,,Critical,Access,Permission,HR,Ananya Das,Pending,Phone,Hyderabad,10,,At Risk,
HD-01322,2025-11-05,08:02,2025-11-06,High,Network,Wi-Fi,Sales,Rahul Singh,Resolved,Phone,Kolkata,16,18.77,Breached,1.0
HD-01323,2025-03-19,06:32,2025-03-20,Low,Email,Mailbox,Marketing,Amit Sharma,Resolved,Portal,Mumbai,60,17.68,Within SLA,5.0
HD-01324,2025-01-27,07:12,,High,Hardware,Monitor,Management,Sneha Rao,Open,Email,Remote,21,,At Risk,
HD-01325,2025-05-03,09:46,2025-05-04,Low,Security,Phishing,Sales,Arjun Mehta,Resolved,Phone,Hyderabad,55,38.1,Within SLA,4.0
HD-01326,2025-03-08,06:21,2025-03-09,Low,Software,License,Sales,Amit Sharma,Resolved,Portal,Pune,65,18.73,Within SLA,5.0
HD-01327,2025-02-09,10:53,2025-02-09,High,Access,Email Access,Operations,Arjun Mehta,Closed,Chat,Delhi,24,9.17,Breached,1.0
HD-01328,2025-07-28,11:33,2025-07-28,High,Access,Account Lockout,Management,Rahul Singh,Resolved,Phone,Delhi,29,9.37,Breached,3.0
HD-01329,2025-04-20,10:04,2025-04-20,High,Email,Mailbox,Marketing,Ananya Das,Resolved,Portal,Hyderabad,41,9.0,Breached,1.0
HD-01330,2025-01-19,07:26,,Low,Access,System Access,Finance,Neha Verma,In Progress,Phone,Kolkata,74,,Within SLA,
HD-01331,2025-09-27,08:41,2025-09-28,Low,Security,Antivirus,Sales,Sneha Rao,Closed,Email,Pune,58,19.47,Within SLA,5.0
HD-01332,2025-02-25,04:30,2025-02-25,High,Access,Permission,Marketing,Neha Verma,Resolved,Chat,Bengaluru,29,8.38,Breached,2.0
HD-01333,2025-09-21,17:55,2025-09-22,Medium,Network,Remote Access,Customer Support,Neha Verma,Closed,Portal,Mumbai,57,13.22,Within SLA,4.0
HD-01334,2025-12-07,16:10,2025-12-08,High,Hardware,Printer,Management,Sneha Rao,Resolved,Email,Pune,25,17.52,Breached,1.0
HD-01335,2025-08-26,16:58,2025-08-27,High,Network,VPN,Management,Ananya Das,Resolved,Phone,Bengaluru,38,9.45,Breached,1.0
HD-01336,2025-06-25,16:12,2025-06-26,High,Access,Permission,Sales,Rahul Singh,Resolved,Phone,Bengaluru,21,10.75,Breached,3.0
HD-01337,2025-02-21,23:18,2025-02-22,Low,Network,Remote Access,Sales,Rahul Singh,Resolved,Phone,Delhi,77,17.55,Within SLA,5.0
HD-01338,2025-10-22,03:57,2025-10-22,Medium,Email,Outlook,Marketing,Vikram Shah,Closed,Portal,Remote,81,11.7,Within SLA,4.0
HD-01339,2025-04-26,05:03,2025-04-26,Medium,Software,Application Error,Customer Support,Vikram Shah,Closed,Email,Chennai,48,15.98,Within SLA,4.0
HD-01340,2025-03-17,13:10,2025-03-18,Low,Hardware,Desktop,Finance,Amit Sharma,Closed,Phone,Hyderabad,81,17.28,Within SLA,5.0
HD-01341,2025-12-10,02:13,,Low,Network,Remote Access,Sales,Vikram Shah,Pending,Chat,Remote,75,,Within SLA,
HD-01342,2025-01-23,17:08,2025-01-24,Medium,Network,VPN,Finance,Amit Sharma,Closed,Chat,Bengaluru,45,13.93,Within SLA,4.0
HD-01343,2025-04-05,23:23,2025-04-06,High,Email,Spam,Customer Support,Vikram Shah,Closed,Phone,Kolkata,42,10.13,Breached,2.0
HD-01344,2025-09-13,17:42,2025-09-14,Low,Email,Mailbox,Customer Support,Rahul Singh,Resolved,Portal,Delhi,60,24.38,Within SLA,5.0
HD-01345,2025-07-08,14:05,,Critical,Email,Email Delivery,HR,Ananya Das,In Progress,Chat,Bengaluru,21,,At Risk,
HD-01346,2025-09-26,05:22,2025-09-27,Medium,Security,Antivirus,Marketing,Priya Patel,Resolved,Email,Mumbai,42,22.73,Within SLA,3.0
HD-01347,2025-10-02,06:32,2025-10-03,Low,Hardware,Printer,Marketing,Rahul Singh,Closed,Phone,Hyderabad,60,18.65,Within SLA,5.0
HD-01348,2025-11-11,10:08,,Low,Software,Update,Marketing,Amit Sharma,Pending,Phone,Bengaluru,104,,Within SLA,
HD-01349,2025-08-26,11:15,,Low,Access,Email Access,Customer Support,Rahul Singh,Pending,Chat,Kolkata,81,,Within SLA,
HD-01350,2025-12-09,12:58,,High,Email,Outlook,Marketing,Neha Verma,Open,Chat,Kolkata,22,,Within SLA,
HD-01351,2025-07-30,14:53,2025-07-30,High,Access,Account Lockout,Customer Support,Ananya Das,Resolved,Email,Hyderabad,19,8.07,Breached,1.0
HD-01352,2025-03-20,02:37,,High,Security,Access Review,Sales,Priya Patel,Open,Portal,Chennai,31,,At Risk,
HD-01353,2025-05-07,08:38,2025-05-07,High,Security,Phishing,Customer Support,Ananya Das,Resolved,Chat,Kolkata,103,7.62,Within SLA,3.0
HD-01354,2025-12-29,20:36,2025-12-30,Medium,Hardware,Printer,Marketing,Priya Patel,Closed,Portal,Remote,37,15.45,Within SLA,4.0
HD-01355,2025-04-06,21:44,2025-04-07,Medium,Network,Internet,Management,Rahul Singh,Closed,Email,Bengaluru,36,19.73,Within SLA,3.0
HD-01356,2025-10-24,14:22,2025-10-25,Low,Network,Remote Access,HR,Rahul Singh,Resolved,Phone,Remote,75,22.58,Within SLA,5.0
HD-01357,2025-05-07,15:56,2025-05-08,Low,Network,LAN,Finance,Ananya Das,Closed,Phone,Bengaluru,72,20.32,Within SLA,5.0
HD-01358,2025-08-28,18:02,2025-08-29,Medium,Email,Spam,HR,Ananya Das,Resolved,Chat,Remote,41,14.48,Within SLA,4.0
HD-01359,2025-09-24,06:06,,Medium,Email,Spam,Customer Support,Arjun Mehta,In Progress,Email,Hyderabad,32,,Within SLA,
HD-01360,2025-09-02,15:13,2025-09-03,Medium,Access,System Access,HR,Vikram Shah,Resolved,Phone,Mumbai,30,11.6,Within SLA,4.0
HD-01361,2025-11-10,02:21,2025-11-10,Medium,Hardware,Printer,Sales,Priya Patel,Resolved,Email,Bengaluru,39,14.82,Within SLA,4.0
HD-01362,2025-11-20,17:22,2025-11-21,Medium,Email,Email Delivery,Marketing,Amit Sharma,Resolved,Portal,Mumbai,29,15.23,Within SLA,4.0
HD-01363,2025-10-14,04:20,2025-10-15,Medium,Security,Phishing,Operations,Vikram Shah,Resolved,Portal,Mumbai,30,22.52,Within SLA,3.0
HD-01364,2025-06-06,15:00,2025-06-07,Low,Email,Spam,Marketing,Amit Sharma,Resolved,Phone,Kolkata,74,17.43,Within SLA,5.0
HD-01365,2025-07-30,05:51,2025-07-30,Medium,Network,LAN,Management,Amit Sharma,Closed,Chat,Mumbai,45,12.65,Within SLA,4.0
HD-01366,2025-09-25,03:59,2025-09-25,Low,Software,License,IT,Arjun Mehta,Closed,Phone,Bengaluru,94,18.07,Within SLA,5.0
HD-01367,2025-06-13,20:45,2025-06-14,Medium,Access,Permission,Sales,Arjun Mehta,Resolved,Email,Kolkata,54,24.62,Breached,2.0
HD-01368,2025-12-05,17:53,2025-12-06,Medium,Network,LAN,Sales,Rahul Singh,Closed,Portal,Delhi,39,17.02,Within SLA,4.0
HD-01369,2025-06-20,17:09,2025-06-21,High,Network,LAN,IT,Ananya Das,Closed,Chat,Pune,41,11.9,Breached,2.0
HD-01370,2025-03-08,07:14,,Low,Software,Update,Marketing,Sneha Rao,In Progress,Email,Remote,91,,Within SLA,
HD-01371,2025-03-06,13:19,2025-03-07,High,Email,Email Delivery,Finance,Neha Verma,Closed,Chat,Bengaluru,26,12.9,Breached,2.0
HD-01372,2025-07-12,02:30,2025-07-12,Low,Network,Remote Access,Marketing,Sneha Rao,Closed,Phone,Chennai,54,17.27,Within SLA,5.0
HD-01373,2025-05-15,11:31,2025-05-16,Low,Network,Wi-Fi,Customer Support,Priya Patel,Resolved,Phone,Remote,63,18.55,Within SLA,5.0
HD-01374,2025-06-24,01:52,,Medium,Network,LAN,Marketing,Sneha Rao,In Progress,Portal,Chennai,26,,At Risk,
HD-01375,2025-04-25,21:01,2025-04-26,Low,Access,Password Reset,Operations,Arjun Mehta,Resolved,Chat,Hyderabad,103,19.55,Within SLA,5.0
HD-01376,2025-03-17,19:43,,Low,Software,Operating System,HR,Priya Patel,In Progress,Portal,Hyderabad,68,,Within SLA,
HD-01377,2025-12-12,11:54,2025-12-13,Low,Email,Email Delivery,Operations,Rahul Singh,Resolved,Chat,Remote,57,16.47,Within SLA,5.0
HD-01378,2025-05-02,17:40,2025-05-03,Low,Access,Permission,Customer Support,Sneha Rao,Closed,Portal,Chennai,65,19.57,Within SLA,5.0
HD-01379,2025-08-08,05:45,,High,Network,LAN,Management,Neha Verma,Open,Phone,Pune,33,,At Risk,
HD-01380,2025-03-05,03:24,,Medium,Access,System Access,HR,Arjun Mehta,In Progress,Portal,Hyderabad,30,,Within SLA,
HD-01381,2025-11-05,07:22,2025-11-05,Medium,Network,Wi-Fi,Finance,Amit Sharma,Closed,Email,Mumbai,47,15.42,Within SLA,4.0
HD-01382,2025-04-01,20:35,2025-04-02,High,Security,MFA,Sales,Priya Patel,Closed,Email,Kolkata,27,11.93,Breached,3.0
HD-01383,2025-12-31,05:42,2025-12-31,Medium,Email,Spam,Management,Sneha Rao,Closed,Chat,Bengaluru,64,16.45,Within SLA,4.0
HD-01384,2025-07-21,21:48,2025-07-23,Low,Email,Email Delivery,Finance,Rahul Singh,Resolved,Portal,Delhi,76,29.73,Within SLA,4.0
HD-01385,2025-11-25,10:45,2025-11-25,Medium,Hardware,Desktop,IT,Neha Verma,Resolved,Chat,Delhi,55,13.03,Within SLA,4.0
HD-01386,2025-02-08,09:38,2025-02-08,High,Software,Operating System,Management,Rahul Singh,Resolved,Chat,Delhi,55,8.35,Breached,2.0
HD-01387,2025-11-26,16:31,,Medium,Hardware,Keyboard/Mouse,Marketing,Ananya Das,Pending,Email,Pune,109,,At Risk,
HD-01388,2025-11-24,15:56,2025-11-24,High,Security,Antivirus,HR,Ananya Das,Resolved,Chat,Mumbai,80,7.02,Within SLA,3.0
HD-01389,2025-02-04,17:33,2025-02-05,Medium,Security,MFA,Finance,Ananya Das,Resolved,Email,Chennai,52,12.25,Within SLA,4.0
HD-01390,2025-01-05,01:15,2025-01-05,Low,Email,Mailbox,Management,Arjun Mehta,Resolved,Portal,Chennai,58,20.87,Within SLA,5.0
HD-01391,2025-05-08,10:01,2025-05-08,High,Hardware,Keyboard/Mouse,HR,Amit Sharma,Resolved,Phone,Chennai,24,10.18,Breached,2.0
HD-01392,2025-12-29,05:04,,Medium,Email,Outlook,Marketing,Vikram Shah,Pending,Chat,Bengaluru,45,,Within SLA,
HD-01393,2025-04-04,23:33,2025-04-05,High,Hardware,Laptop,Operations,Sneha Rao,Resolved,Chat,Delhi,67,8.0,Within SLA,3.0
HD-01394,2025-12-01,06:59,,Medium,Access,Account Lockout,Management,Rahul Singh,In Progress,Phone,Chennai,33,,Within SLA,
HD-01395,2025-11-22,13:42,,Medium,Software,Operating System,Management,Rahul Singh,Open,Chat,Mumbai,46,,Within SLA,
HD-01396,2025-01-02,19:40,2025-01-03,Medium,Software,License,Sales,Priya Patel,Resolved,Chat,Pune,90,17.08,Within SLA,4.0
HD-01397,2025-05-06,13:39,,Medium,Software,License,IT,Vikram Shah,Pending,Phone,Mumbai,56,,Within SLA,
HD-01398,2025-12-29,14:02,2025-12-30,High,Hardware,Printer,IT,Arjun Mehta,Closed,Chat,Delhi,38,11.48,Breached,1.0
HD-01399,2025-06-12,11:40,,Medium,Network,Remote Access,Finance,Rahul Singh,Pending,Portal,Pune,45,,Within SLA,
HD-01400,2025-04-03,02:12,2025-04-04,High,Network,Remote Access,Management,Rahul Singh,Resolved,Chat,Delhi,95,22.72,Breached,1.0
HD-01401,2025-03-20,20:58,2025-03-21,Medium,Software,Update,HR,Ananya Das,Resolved,Portal,Remote,37,12.88,Within SLA,4.0
HD-01402,2025-06-24,13:42,,Low,Network,Wi-Fi,Marketing,Amit Sharma,Pending,Email,Delhi,60,,Within SLA,
HD-01403,2025-01-10,00:09,,Low,Software,Operating System,Sales,Sneha Rao,Pending,Phone,Bengaluru,61,,Within SLA,
HD-01404,2025-04-15,06:53,2025-04-15,High,Hardware,Laptop,Finance,Ananya Das,Closed,Phone,Delhi,23,11.33,Breached,2.0
HD-01405,2025-10-05,12:26,2025-10-06,Medium,Hardware,Desktop,Sales,Arjun Mehta,Closed,Chat,Mumbai,59,21.73,Within SLA,3.0
HD-01406,2025-03-21,11:48,2025-03-22,Low,Network,Wi-Fi,Management,Arjun Mehta,Resolved,Portal,Bengaluru,72,19.07,Within SLA,5.0
HD-01407,2025-11-18,17:35,2025-11-19,Medium,Hardware,Desktop,IT,Vikram Shah,Closed,Chat,Delhi,34,12.35,Within SLA,4.0
HD-01408,2025-09-27,16:49,2025-09-28,Medium,Hardware,Desktop,Finance,Amit Sharma,Resolved,Phone,Hyderabad,97,12.12,Within SLA,4.0
HD-01409,2025-06-08,22:40,2025-06-09,Critical,Email,Email Delivery,Finance,Sneha Rao,Closed,Chat,Remote,19,4.68,Breached,3.0
HD-01410,2025-06-29,05:17,2025-06-30,Low,Hardware,Monitor,Sales,Rahul Singh,Resolved,Email,Delhi,94,22.53,Within SLA,5.0
HD-01411,2025-01-30,08:22,2025-01-31,Medium,Access,Account Lockout,Sales,Priya Patel,Resolved,Email,Pune,104,22.05,Within SLA,3.0
HD-01412,2025-01-03,10:36,2025-01-04,Medium,Network,VPN,Customer Support,Amit Sharma,Closed,Portal,Hyderabad,30,17.8,Within SLA,4.0
HD-01413,2025-02-26,00:16,,Low,Access,Password Reset,Sales,Sneha Rao,Pending,Portal,Hyderabad,61,,Within SLA,
HD-01414,2025-06-23,05:44,2025-06-23,High,Access,Account Lockout,Customer Support,Amit Sharma,Resolved,Portal,Bengaluru,38,9.15,Breached,2.0
HD-01415,2025-01-31,15:25,,Medium,Email,Spam,Finance,Rahul Singh,In Progress,Phone,Chennai,38,,Within SLA,
HD-01416,2025-02-12,21:22,,Medium,Email,Distribution List,HR,Rahul Singh,Pending,Chat,Kolkata,74,,Within SLA,
HD-01417,2025-11-04,06:10,,High,Email,Outlook,Sales,Neha Verma,Pending,Chat,Kolkata,66,,At Risk,
HD-01418,2025-01-10,04:17,2025-01-10,Medium,Software,Operating System,HR,Priya Patel,Resolved,Email,Remote,57,14.18,Within SLA,4.0
HD-01419,2025-06-06,18:25,,Medium,Security,Access Review,Marketing,Vikram Shah,In Progress,Portal,Hyderabad,69,,Within SLA,
HD-01420,2025-06-24,09:25,2025-06-24,Critical,Hardware,Keyboard/Mouse,Sales,Priya Patel,Resolved,Portal,Kolkata,25,10.25,Breached,1.0
HD-01421,2025-03-19,09:37,,High,Access,Account Lockout,Finance,Sneha Rao,Open,Phone,Mumbai,22,,At Risk,
HD-01422,2025-08-26,17:59,2025-08-27,Low,Email,Distribution List,HR,Priya Patel,Resolved,Phone,Delhi,74,17.7,Within SLA,5.0
HD-01423,2025-09-24,05:25,2025-09-24,Medium,Access,System Access,Management,Amit Sharma,Closed,Chat,Mumbai,54,14.98,Within SLA,4.0
HD-01424,2025-04-11,04:51,2025-04-12,Medium,Hardware,Laptop,Finance,Arjun Mehta,Resolved,Portal,Hyderabad,35,22.3,Within SLA,3.0
HD-01425,2025-02-03,01:46,2025-02-03,Medium,Security,Access Review,Operations,Arjun Mehta,Closed,Phone,Bengaluru,69,10.77,Within SLA,4.0
HD-01426,2025-01-05,16:12,2025-01-06,Low,Software,License,Marketing,Arjun Mehta,Resolved,Chat,Kolkata,71,21.13,Within SLA,5.0
HD-01427,2025-12-02,05:53,2025-12-02,Medium,Access,Account Lockout,Finance,Priya Patel,Resolved,Email,Bengaluru,48,12.87,Within SLA,4.0
HD-01428,2025-03-28,09:46,2025-03-29,Medium,Email,Spam,Finance,Rahul Singh,Resolved,Chat,Bengaluru,27,14.45,Within SLA,4.0
HD-01429,2025-12-18,09:40,,Low,Software,License,Marketing,Vikram Shah,Pending,Phone,Bengaluru,55,,Within SLA,
HD-01430,2025-08-02,04:36,2025-08-03,Low,Access,Password Reset,Sales,Sneha Rao,Resolved,Phone,Mumbai,88,20.2,Within SLA,5.0
HD-01431,2025-04-13,17:20,2025-04-14,Medium,Hardware,Laptop,HR,Rahul Singh,Resolved,Portal,Bengaluru,53,13.97,Within SLA,4.0
HD-01432,2025-02-18,13:57,2025-02-19,Low,Network,Remote Access,Operations,Amit Sharma,Resolved,Chat,Kolkata,113,18.92,Within SLA,5.0
HD-01433,2025-12-06,22:34,2025-12-07,Medium,Software,Installation,Management,Vikram Shah,Resolved,Portal,Pune,34,12.63,Within SLA,4.0
HD-01434,2025-11-07,03:01,2025-11-07,Medium,Software,License,Management,Rahul Singh,Resolved,Phone,Hyderabad,35,11.12,Within SLA,4.0
HD-01435,2025-11-17,19:20,2025-11-18,Medium,Software,Operating System,Management,Amit Sharma,Closed,Chat,Kolkata,40,16.52,Within SLA,4.0
HD-01436,2025-03-01,06:44,,High,Network,Wi-Fi,Management,Vikram Shah,In Progress,Chat,Pune,25,,At Risk,
HD-01437,2025-01-06,20:13,2025-01-07,Low,Hardware,Keyboard/Mouse,IT,Ananya Das,Resolved,Phone,Bengaluru,61,23.42,Within SLA,5.0
HD-01438,2025-02-12,21:35,2025-02-14,Low,Network,LAN,IT,Sneha Rao,Resolved,Portal,Chennai,60,26.53,Within SLA,5.0
HD-01439,2025-02-04,03:40,2025-02-04,High,Hardware,Keyboard/Mouse,Management,Neha Verma,Resolved,Email,Bengaluru,26,17.48,Breached,3.0
HD-01440,2025-12-06,14:17,2025-12-06,High,Software,Application Error,IT,Vikram Shah,Resolved,Email,Kolkata,23,7.28,Within SLA,3.0
HD-01441,2025-03-14,10:11,2025-03-15,Low,Hardware,Laptop,Customer Support,Amit Sharma,Resolved,Phone,Kolkata,104,23.85,Within SLA,5.0
HD-01442,2025-01-23,16:49,2025-01-24,Low,Hardware,Desktop,HR,Ananya Das,Resolved,Email,Delhi,66,23.82,Within SLA,5.0
HD-01443,2025-07-01,05:21,2025-07-01,High,Email,Outlook,Finance,Priya Patel,Closed,Chat,Bengaluru,48,7.62,Within SLA,3.0
HD-01444,2025-02-08,06:17,2025-02-08,Medium,Network,LAN,Operations,Sneha Rao,Resolved,Email,Delhi,70,13.62,Within SLA,4.0
HD-01445,2025-02-16,08:42,,Low,Software,Update,Management,Amit Sharma,In Progress,Chat,Bengaluru,69,,Within SLA,
HD-01446,2025-06-11,08:45,,Low,Hardware,Keyboard/Mouse,HR,Ananya Das,Open,Portal,Bengaluru,158,,Within SLA,
HD-01447,2025-02-16,20:12,2025-02-17,Medium,Access,Permission,Marketing,Amit Sharma,Closed,Chat,Kolkata,36,15.8,Within SLA,4.0
HD-01448,2025-06-30,18:58,2025-07-01,High,Email,Email Delivery,Finance,Rahul Singh,Resolved,Phone,Pune,43,9.9,Breached,1.0
HD-01449,2025-06-01,17:36,2025-06-02,Medium,Access,System Access,Customer Support,Sneha Rao,Resolved,Chat,Pune,43,13.67,Within SLA,4.0
HD-01450,2025-01-26,17:53,2025-01-27,Medium,Security,Phishing,Marketing,Sneha Rao,Resolved,Portal,Delhi,135,18.28,Within SLA,4.0
HD-01451,2025-05-22,08:31,2025-05-23,Low,Security,Access Review,IT,Rahul Singh,Closed,Phone,Hyderabad,84,26.83,Within SLA,5.0
HD-01452,2025-04-23,01:33,2025-04-23,Medium,Network,Remote Access,HR,Neha Verma,Resolved,Email,Mumbai,32,19.4,Within SLA,3.0
HD-01453,2025-10-07,12:02,2025-10-08,Medium,Security,Access Review,Customer Support,Arjun Mehta,Resolved,Chat,Hyderabad,86,13.42,Within SLA,4.0
HD-01454,2025-02-05,05:31,2025-02-05,Low,Network,Wi-Fi,HR,Arjun Mehta,Resolved,Chat,Kolkata,97,15.57,Within SLA,5.0
HD-01455,2025-05-05,07:09,,Medium,Email,Spam,Operations,Priya Patel,Open,Portal,Delhi,66,,Within SLA,
HD-01456,2025-05-25,12:22,2025-05-26,High,Access,System Access,HR,Sneha Rao,Resolved,Phone,Pune,77,27.38,Breached,2.0
HD-01457,2025-03-04,10:32,2025-03-05,Low,Access,Password Reset,Sales,Arjun Mehta,Closed,Phone,Kolkata,85,16.52,Within SLA,5.0
HD-01458,2025-07-01,23:19,2025-07-02,Low,Network,Wi-Fi,Management,Priya Patel,Resolved,Email,Remote,88,17.03,Within SLA,5.0
HD-01459,2025-10-21,02:18,2025-10-21,Medium,Email,Mailbox,Management,Amit Sharma,Resolved,Portal,Delhi,39,13.13,Within SLA,4.0
HD-01460,2025-11-23,10:22,2025-11-23,Medium,Network,LAN,Sales,Vikram Shah,Closed,Email,Bengaluru,32,13.5,Within SLA,4.0
HD-01461,2025-02-27,06:48,2025-02-28,High,Software,Update,IT,Amit Sharma,Resolved,Chat,Kolkata,21,23.93,Breached,1.0
HD-01462,2025-07-05,17:28,2025-07-05,Critical,Security,Antivirus,Operations,Neha Verma,Resolved,Chat,Remote,13,5.3,Breached,3.0
HD-01463,2025-07-15,17:09,2025-07-16,High,Email,Email Delivery,Customer Support,Amit Sharma,Closed,Phone,Kolkata,27,9.35,Breached,1.0
HD-01464,2025-04-11,20:39,2025-04-12,Low,Hardware,Keyboard/Mouse,Sales,Ananya Das,Closed,Portal,Kolkata,92,23.98,Within SLA,5.0
HD-01465,2025-04-10,22:53,2025-04-11,High,Network,VPN,Operations,Vikram Shah,Closed,Chat,Mumbai,33,10.5,Breached,2.0
HD-01466,2025-03-03,15:59,,Medium,Hardware,Keyboard/Mouse,Finance,Neha Verma,In Progress,Phone,Bengaluru,40,,Within SLA,
HD-01467,2025-10-10,23:26,2025-10-11,Low,Hardware,Desktop,Sales,Rahul Singh,Resolved,Chat,Delhi,54,16.25,Within SLA,5.0
HD-01468,2025-06-15,09:55,2025-06-15,Medium,Access,Password Reset,Customer Support,Rahul Singh,Resolved,Email,Pune,66,11.05,Within SLA,4.0
HD-01469,2025-06-06,22:56,,Medium,Software,Application Error,Operations,Rahul Singh,Pending,Email,Kolkata,56,,Within SLA,
HD-01470,2025-07-12,09:58,,High,Hardware,Monitor,Finance,Priya Patel,Open,Chat,Remote,43,,At Risk,
HD-01471,2025-10-30,08:26,2025-10-31,Low,Network,Wi-Fi,Finance,Arjun Mehta,Resolved,Portal,Hyderabad,80,24.5,Within SLA,5.0
HD-01472,2025-03-28,22:40,,High,Access,Account Lockout,IT,Ananya Das,Pending,Chat,Hyderabad,40,,At Risk,
HD-01473,2025-01-24,15:18,2025-01-25,Low,Network,Remote Access,Operations,Priya Patel,Resolved,Portal,Hyderabad,66,17.23,Within SLA,5.0
HD-01474,2025-05-16,04:10,2025-05-16,Medium,Network,Remote Access,Customer Support,Amit Sharma,Closed,Portal,Kolkata,41,18.72,Within SLA,4.0
HD-01475,2025-03-06,13:08,2025-03-07,Medium,Network,Internet,Marketing,Ananya Das,Resolved,Phone,Chennai,59,14.85,Within SLA,4.0
HD-01476,2025-01-02,01:59,2025-01-02,Medium,Access,Permission,Customer Support,Amit Sharma,Closed,Portal,Mumbai,57,11.98,Within SLA,4.0
HD-01477,2025-04-27,05:36,2025-04-27,High,Software,Update,Finance,Arjun Mehta,Closed,Phone,Mumbai,25,14.87,Breached,1.0
HD-01478,2025-01-03,13:08,,Critical,Software,License,HR,Amit Sharma,Open,Portal,Chennai,42,,At Risk,
HD-01479,2025-05-12,03:04,2025-05-12,Medium,Security,Phishing,Marketing,Vikram Shah,Closed,Phone,Hyderabad,54,18.15,Within SLA,4.0
HD-01480,2025-04-06,15:35,2025-04-07,Medium,Software,Update,Customer Support,Rahul Singh,Resolved,Email,Mumbai,62,15.42,Within SLA,4.0
HD-01481,2025-11-19,23:34,,Critical,Network,Internet,HR,Rahul Singh,In Progress,Email,Remote,40,,At Risk,
HD-01482,2025-08-27,18:14,2025-08-28,Low,Hardware,Laptop,Sales,Neha Verma,Resolved,Chat,Kolkata,66,18.8,Within SLA,5.0
HD-01483,2025-12-19,00:23,2025-12-19,Low,Software,Update,IT,Priya Patel,Resolved,Portal,Remote,56,17.43,Within SLA,5.0
HD-01484,2025-07-07,01:00,2025-07-07,Medium,Security,Security Alert,Sales,Vikram Shah,Resolved,Phone,Remote,54,18.4,Within SLA,4.0
HD-01485,2025-02-09,22:57,2025-02-10,High,Software,Application Error,Customer Support,Priya Patel,Resolved,Chat,Hyderabad,35,14.02,Breached,2.0
HD-01486,2025-05-03,11:47,2025-05-03,High,Network,Wi-Fi,Marketing,Rahul Singh,Resolved,Email,Delhi,25,7.08,Within SLA,3.0
HD-01487,2025-02-08,23:29,,Medium,Hardware,Printer,Marketing,Amit Sharma,Pending,Chat,Remote,43,,Within SLA,
HD-01488,2025-05-26,09:18,2025-05-27,Medium,Network,VPN,Sales,Priya Patel,Closed,Portal,Pune,65,14.73,Within SLA,4.0
HD-01489,2025-03-12,00:49,2025-03-12,High,Hardware,Printer,Management,Ananya Das,Resolved,Email,Kolkata,27,15.05,Breached,3.0
HD-01490,2025-06-16,23:52,2025-06-18,Medium,Network,Remote Access,Finance,Rahul Singh,Closed,Phone,Remote,37,24.92,Breached,3.0
HD-01491,2025-03-16,14:33,2025-03-16,High,Email,Mailbox,Operations,Vikram Shah,Resolved,Chat,Bengaluru,16,8.72,Breached,3.0
HD-01492,2025-08-15,23:56,,High,Network,Internet,Marketing,Sneha Rao,In Progress,Phone,Delhi,28,,Within SLA,
HD-01493,2025-09-15,18:01,2025-09-16,Critical,Access,Account Lockout,IT,Ananya Das,Resolved,Portal,Kolkata,31,6.05,Breached,2.0
HD-01494,2025-08-10,06:17,,Medium,Email,Email Delivery,Finance,Vikram Shah,In Progress,Chat,Bengaluru,43,,Within SLA,
HD-01495,2025-11-19,17:53,2025-11-20,High,Hardware,Keyboard/Mouse,Operations,Vikram Shah,Resolved,Portal,Bengaluru,75,8.48,Breached,2.0
HD-01496,2025-10-24,07:49,2025-10-25,Low,Email,Mailbox,Sales,Rahul Singh,Resolved,Phone,Remote,87,31.32,Within SLA,4.0
HD-01497,2025-06-13,01:29,2025-06-14,Critical,Email,Mailbox,Management,Ananya Das,Resolved,Email,Chennai,10,26.18,Breached,1.0
HD-01498,2025-07-04,02:00,2025-07-04,Critical,Software,Operating System,IT,Neha Verma,Resolved,Phone,Mumbai,20,5.52,Breached,2.0
HD-01499,2025-11-17,20:23,2025-11-18,Medium,Software,Installation,HR,Neha Verma,Resolved,Portal,Kolkata,70,11.77,Within SLA,4.0
HD-01500,2025-06-19,01:02,2025-06-19,Medium,Software,Application Error,Customer Support,Sneha Rao,Resolved,Phone,Pune,59,14.0,Within SLA,4.0
